voc_id,customer_id,voc_date,channel,category,sentiment,content_summary
VOC00001,CUST0484,2024-08-26,앱,요금문의,중립,요금문의 관련 중립 피드백
VOC00002,CUST0361,2024-06-27,매장,서비스불만,부정,서비스불만 관련 부정 피드백
VOC00003,CUST0398,2024-12-28,전화,서비스불만,부정,서비스불만 관련 부정 피드백
VOC00004,CUST0189,2024-09-10,앱,요금문의,긍정,요금문의 관련 긍정 피드백
VOC00005,CUST0056,2024-07-02,앱,상품문의,부정,상품문의 관련 부정 피드백
VOC00006,CUST0202,2024-07-19,앱,결제오류,중립,결제오류 관련 중립 피드백
VOC00007,CUST0020,2024-12-03,전화,기타,부정,기타 관련 부정 피드백
VOC00008,CUST0267,2024-05-11,앱,서비스불만,부정,서비스불만 관련 부정 피드백
VOC00009,CUST0436,2024-11-02,전화,요금문의,부정,요금문의 관련 부정 피드백
VOC00010,CUST0176,2024-11-09,매장,기타,중립,기타 관련 중립 피드백
VOC00011,CUST0484,2024-10-24,앱,서비스불만,중립,서비스불만 관련 중립 피드백
VOC00012,CUST0127,2024-07-17,앱,요금문의,중립,요금문의 관련 중립 피드백
VOC00013,CUST0055,2024-08-21,앱,요금문의,부정,요금문의 관련 부정 피드백
VOC00014,CUST0117,2024-01-06,전화,요금문의,부정,요금문의 관련 부정 피드백
VOC00015,CUST0161,2024-02-03,앱,서비스불만,부정,서비스불만 관련 부정 피드백
VOC00016,CUST0281,2024-12-12,전화,서비스불만,중립,서비스불만 관련 중립 피드백
VOC00017,CUST0407,2024-01-02,매장,결제오류,부정,결제오류 관련 부정 피드백
VOC00018,CUST0349,2024-05-26,홈페이지,요금문의,중립,요금문의 관련 중립 피드백
VOC00019,CUST0458,2024-09-11,전화,결제오류,중립,결제오류 관련 중립 피드백
VOC00020,CUST0398,2024-04-07,홈페이지,결제오류,중립,결제오류 관련 중립 피드백
VOC00021,CUST0488,2024-08-19,전화,결제오류,부정,결제오류 관련 부정 피드백
VOC00022,CUST0161,2024-12-03,앱,서비스불만,중립,서비스불만 관련 중립 피드백
VOC00023,CUST0458,2024-04-16,매장,기타,부정,기타 관련 부정 피드백
VOC00024,CUST0093,2024-08-15,매장,상품문의,긍정,상품문의 관련 긍정 피드백
VOC00025,CUST0189,2024-06-27,전화,상품문의,부정,상품문의 관련 부정 피드백
VOC00026,CUST0058,2024-05-04,매장,결제오류,부정,결제오류 관련 부정 피드백
VOC00027,CUST0341,2024-08-02,전화,상품문의,중립,상품문의 관련 중립 피드백
VOC00028,CUST0024,2024-08-03,매장,기타,부정,기타 관련 부정 피드백
VOC00029,CUST0055,2024-09-17,전화,요금문의,긍정,요금문의 관련 긍정 피드백
VOC00030,CUST0067,2024-05-15,매장,서비스불만,중립,서비스불만 관련 중립 피드백
VOC00031,CUST0097,2024-10-22,앱,요금문의,부정,요금문의 관련 부정 피드백
VOC00032,CUST0160,2024-10-04,매장,요금문의,부정,요금문의 관련 부정 피드백
VOC00033,CUST0436,2024-11-13,전화,서비스불만,부정,서비스불만 관련 부정 피드백
VOC00034,CUST0253,2024-03-11,홈페이지,서비스불만,부정,서비스불만 관련 부정 피드백
VOC00035,CUST0334,2024-11-04,전화,상품문의,부정,상품문의 관련 부정 피드백
VOC00036,CUST0269,2024-09-02,앱,요금문의,부정,요금문의 관련 부정 피드백
VOC00037,CUST0321,2024-02-19,전화,요금문의,부정,요금문의 관련 부정 피드백
VOC00038,CUST0071,2024-10-01,전화,요금문의,중립,요금문의 관련 중립 피드백
VOC00039,CUST0433,2024-12-08,전화,기타,부정,기타 관련 부정 피드백
VOC00040,CUST0083,2024-03-25,전화,기타,긍정,기타 관련 긍정 피드백
VOC00041,CUST0195,2024-08-29,앱,요금문의,부정,요금문의 관련 부정 피드백
VOC00042,CUST0420,2024-08-13,전화,요금문의,중립,요금문의 관련 중립 피드백
VOC00043,CUST0281,2024-02-22,앱,서비스불만,중립,서비스불만 관련 중립 피드백
VOC00044,CUST0218,2024-11-24,매장,요금문의,중립,요금문의 관련 중립 피드백
VOC00045,CUST0304,2024-02-23,매장,서비스불만,긍정,서비스불만 관련 긍정 피드백
VOC00046,CUST0384,2024-07-07,앱,결제오류,긍정,결제오류 관련 긍정 피드백
VOC00047,CUST0178,2024-09-14,전화,서비스불만,중립,서비스불만 관련 중립 피드백
VOC00048,CUST0294,2024-10-19,앱,요금문의,부정,요금문의 관련 부정 피드백
VOC00049,CUST0454,2024-03-22,앱,기타,부정,기타 관련 부정 피드백
VOC00050,CUST0498,2024-02-18,앱,결제오류,부정,결제오류 관련 부정 피드백
VOC00051,CUST0220,2024-02-23,전화,기타,부정,기타 관련 부정 피드백
VOC00052,CUST0058,2024-09-26,전화,결제오류,부정,결제오류 관련 부정 피드백
VOC00053,CUST0018,2024-07-05,전화,서비스불만,부정,서비스불만 관련 부정 피드백
VOC00054,CUST0083,2024-02-24,홈페이지,서비스불만,부정,서비스불만 관련 부정 피드백
VOC00055,CUST0143,2024-11-23,전화,요금문의,중립,요금문의 관련 중립 피드백
VOC00056,CUST0130,2024-09-06,앱,요금문의,부정,요금문의 관련 부정 피드백
VOC00057,CUST0270,2024-08-10,전화,결제오류,부정,결제오류 관련 부정 피드백
VOC00058,CUST0418,2024-06-24,앱,서비스불만,중립,서비스불만 관련 중립 피드백
VOC00059,CUST0063,2024-03-08,홈페이지,상품문의,부정,상품문의 관련 부정 피드백
VOC00060,CUST0111,2024-11-20,앱,요금문의,긍정,요금문의 관련 긍정 피드백
VOC00061,CUST0383,2024-10-14,앱,요금문의,중립,요금문의 관련 중립 피드백
VOC00062,CUST0221,2024-09-13,전화,결제오류,중립,결제오류 관련 중립 피드백
VOC00063,CUST0258,2024-07-06,앱,상품문의,중립,상품문의 관련 중립 피드백
VOC00064,CUST0082,2024-07-23,홈페이지,상품문의,중립,상품문의 관련 중립 피드백
VOC00065,CUST0122,2024-12-15,전화,서비스불만,긍정,서비스불만 관련 긍정 피드백
VOC00066,CUST0256,2024-11-24,홈페이지,요금문의,부정,요금문의 관련 부정 피드백
VOC00067,CUST0107,2024-09-30,전화,요금문의,부정,요금문의 관련 부정 피드백
VOC00068,CUST0272,2024-06-26,앱,서비스불만,중립,서비스불만 관련 중립 피드백
VOC00069,CUST0053,2024-05-02,전화,결제오류,중립,결제오류 관련 중립 피드백
VOC00070,CUST0342,2024-06-06,매장,기타,부정,기타 관련 부정 피드백
VOC00071,CUST0287,2024-06-28,앱,요금문의,긍정,요금문의 관련 긍정 피드백
VOC00072,CUST0413,2024-02-20,전화,결제오류,긍정,결제오류 관련 긍정 피드백
VOC00073,CUST0161,2024-05-30,앱,상품문의,부정,상품문의 관련 부정 피드백
VOC00074,CUST0408,2024-03-02,앱,요금문의,중립,요금문의 관련 중립 피드백
VOC00075,CUST0050,2024-06-04,앱,기타,긍정,기타 관련 긍정 피드백
VOC00076,CUST0305,2024-05-02,전화,결제오류,긍정,결제오류 관련 긍정 피드백
VOC00077,CUST0456,2024-11-03,앱,서비스불만,부정,서비스불만 관련 부정 피드백
VOC00078,CUST0491,2024-05-30,앱,상품문의,긍정,상품문의 관련 긍정 피드백
VOC00079,CUST0362,2024-05-22,앱,요금문의,부정,요금문의 관련 부정 피드백
VOC00080,CUST0352,2024-11-26,전화,결제오류,부정,결제오류 관련 부정 피드백
VOC00081,CUST0280,2024-02-20,앱,서비스불만,부정,서비스불만 관련 부정 피드백
VOC00082,CUST0420,2024-05-03,전화,요금문의,중립,요금문의 관련 중립 피드백
VOC00083,CUST0309,2024-11-24,전화,요금문의,긍정,요금문의 관련 긍정 피드백
VOC00084,CUST0486,2024-04-16,매장,요금문의,부정,요금문의 관련 부정 피드백
VOC00085,CUST0159,2024-11-09,앱,결제오류,긍정,결제오류 관련 긍정 피드백
VOC00086,CUST0408,2024-06-16,전화,결제오류,부정,결제오류 관련 부정 피드백
VOC00087,CUST0160,2024-04-16,전화,요금문의,중립,요금문의 관련 중립 피드백
VOC00088,CUST0104,2024-06-01,홈페이지,결제오류,부정,결제오류 관련 부정 피드백
VOC00089,CUST0378,2024-10-02,매장,기타,중립,기타 관련 중립 피드백
VOC00090,CUST0470,2024-10-11,전화,결제오류,중립,결제오류 관련 중립 피드백
VOC00091,CUST0388,2024-01-20,앱,서비스불만,부정,서비스불만 관련 부정 피드백
VOC00092,CUST0218,2024-07-16,앱,서비스불만,중립,서비스불만 관련 중립 피드백
VOC00093,CUST0077,2024-07-18,매장,서비스불만,부정,서비스불만 관련 부정 피드백
VOC00094,CUST0162,2024-12-07,전화,기타,부정,기타 관련 부정 피드백
VOC00095,CUST0203,2024-02-25,앱,결제오류,중립,결제오류 관련 중립 피드백
VOC00096,CUST0468,2024-07-03,앱,서비스불만,부정,서비스불만 관련 부정 피드백
VOC00097,CUST0459,2024-03-26,매장,서비스불만,긍정,서비스불만 관련 긍정 피드백
VOC00098,CUST0033,2024-06-19,매장,기타,중립,기타 관련 중립 피드백
VOC00099,CUST0288,2024-02-16,앱,상품문의,중립,상품문의 관련 중립 피드백
VOC00100,CUST0432,2024-01-15,홈페이지,상품문의,부정,상품문의 관련 부정 피드백
VOC00101,CUST0490,2024-06-16,매장,요금문의,중립,요금문의 관련 중립 피드백
VOC00102,CUST0070,2024-05-02,앱,기타,중립,기타 관련 중립 피드백
VOC00103,CUST0251,2024-03-06,매장,요금문의,긍정,요금문의 관련 긍정 피드백
VOC00104,CUST0372,2024-07-07,앱,요금문의,부정,요금문의 관련 부정 피드백
VOC00105,CUST0171,2024-01-10,앱,서비스불만,긍정,서비스불만 관련 긍정 피드백
VOC00106,CUST0160,2024-11-03,전화,요금문의,긍정,요금문의 관련 긍정 피드백
VOC00107,CUST0089,2024-08-11,앱,서비스불만,부정,서비스불만 관련 부정 피드백
VOC00108,CUST0280,2024-10-24,앱,서비스불만,부정,서비스불만 관련 부정 피드백
VOC00109,CUST0284,2024-05-15,전화,기타,부정,기타 관련 부정 피드백
VOC00110,CUST0117,2024-07-17,매장,요금문의,부정,요금문의 관련 부정 피드백
VOC00111,CUST0048,2024-07-18,전화,요금문의,중립,요금문의 관련 중립 피드백
VOC00112,CUST0170,2024-10-26,전화,기타,중립,기타 관련 중립 피드백
VOC00113,CUST0022,2024-07-14,홈페이지,상품문의,부정,상품문의 관련 부정 피드백
VOC00114,CUST0221,2024-12-20,앱,요금문의,부정,요금문의 관련 부정 피드백
VOC00115,CUST0189,2024-01-25,전화,상품문의,부정,상품문의 관련 부정 피드백
VOC00116,CUST0198,2024-02-16,전화,결제오류,긍정,결제오류 관련 긍정 피드백
VOC00117,CUST0265,2024-07-03,앱,서비스불만,긍정,서비스불만 관련 긍정 피드백
VOC00118,CUST0096,2024-12-29,홈페이지,상품문의,중립,상품문의 관련 중립 피드백
VOC00119,CUST0081,2024-05-26,전화,기타,부정,기타 관련 부정 피드백
VOC00120,CUST0313,2024-10-26,앱,서비스불만,부정,서비스불만 관련 부정 피드백
VOC00121,CUST0411,2024-01-25,홈페이지,결제오류,부정,결제오류 관련 부정 피드백
VOC00122,CUST0018,2024-02-18,전화,상품문의,부정,상품문의 관련 부정 피드백
VOC00123,CUST0437,2024-04-13,앱,결제오류,중립,결제오류 관련 중립 피드백
VOC00124,CUST0390,2024-02-26,매장,요금문의,중립,요금문의 관련 중립 피드백
VOC00125,CUST0070,2024-11-03,전화,서비스불만,중립,서비스불만 관련 중립 피드백
VOC00126,CUST0431,2024-11-02,전화,결제오류,긍정,결제오류 관련 긍정 피드백
VOC00127,CUST0119,2024-11-20,전화,서비스불만,중립,서비스불만 관련 중립 피드백
VOC00128,CUST0405,2024-04-15,앱,요금문의,중립,요금문의 관련 중립 피드백
VOC00129,CUST0184,2024-11-30,매장,서비스불만,중립,서비스불만 관련 중립 피드백
VOC00130,CUST0265,2024-12-16,앱,결제오류,중립,결제오류 관련 중립 피드백
VOC00131,CUST0403,2024-03-13,전화,기타,중립,기타 관련 중립 피드백
VOC00132,CUST0206,2024-07-27,전화,상품문의,중립,상품문의 관련 중립 피드백
VOC00133,CUST0040,2024-11-27,홈페이지,서비스불만,부정,서비스불만 관련 부정 피드백
VOC00134,CUST0266,2024-03-22,매장,상품문의,부정,상품문의 관련 부정 피드백
VOC00135,CUST0307,2024-11-21,매장,결제오류,부정,결제오류 관련 부정 피드백
VOC00136,CUST0097,2024-05-24,전화,서비스불만,부정,서비스불만 관련 부정 피드백
VOC00137,CUST0398,2024-11-24,전화,상품문의,중립,상품문의 관련 중립 피드백
VOC00138,CUST0319,2024-10-29,홈페이지,서비스불만,부정,서비스불만 관련 부정 피드백
VOC00139,CUST0440,2024-01-17,매장,결제오류,부정,결제오류 관련 부정 피드백
VOC00140,CUST0126,2024-02-18,전화,요금문의,중립,요금문의 관련 중립 피드백
VOC00141,CUST0290,2024-04-06,앱,요금문의,긍정,요금문의 관련 긍정 피드백
VOC00142,CUST0281,2024-05-19,매장,기타,부정,기타 관련 부정 피드백
VOC00143,CUST0202,2024-07-20,앱,서비스불만,중립,서비스불만 관련 중립 피드백
VOC00144,CUST0083,2024-11-08,앱,서비스불만,중립,서비스불만 관련 중립 피드백
VOC00145,CUST0437,2024-05-08,매장,요금문의,부정,요금문의 관련 부정 피드백
VOC00146,CUST0144,2024-04-25,전화,요금문의,부정,요금문의 관련 부정 피드백
VOC00147,CUST0422,2024-05-10,전화,요금문의,중립,요금문의 관련 중립 피드백
VOC00148,CUST0085,2024-06-29,홈페이지,상품문의,중립,상품문의 관련 중립 피드백
VOC00149,CUST0069,2024-06-16,홈페이지,기타,부정,기타 관련 부정 피드백
VOC00150,CUST0299,2024-02-10,앱,기타,긍정,기타 관련 긍정 피드백
VOC00151,CUST0068,2024-03-09,앱,기타,중립,기타 관련 중립 피드백
VOC00152,CUST0487,2024-10-03,홈페이지,서비스불만,중립,서비스불만 관련 중립 피드백
VOC00153,CUST0222,2024-03-03,전화,서비스불만,중립,서비스불만 관련 중립 피드백
VOC00154,CUST0413,2024-04-27,전화,서비스불만,중립,서비스불만 관련 중립 피드백
VOC00155,CUST0123,2024-01-17,전화,상품문의,부정,상품문의 관련 부정 피드백
VOC00156,CUST0440,2024-05-24,앱,요금문의,부정,요금문의 관련 부정 피드백
VOC00157,CUST0106,2024-10-11,홈페이지,서비스불만,부정,서비스불만 관련 부정 피드백
VOC00158,CUST0495,2024-05-31,홈페이지,요금문의,중립,요금문의 관련 중립 피드백
VOC00159,CUST0045,2024-01-22,앱,요금문의,부정,요금문의 관련 부정 피드백
VOC00160,CUST0180,2024-09-06,홈페이지,상품문의,부정,상품문의 관련 부정 피드백
VOC00161,CUST0033,2024-01-28,매장,상품문의,중립,상품문의 관련 중립 피드백
VOC00162,CUST0208,2024-05-19,전화,요금문의,부정,요금문의 관련 부정 피드백
VOC00163,CUST0089,2024-07-21,홈페이지,결제오류,부정,결제오류 관련 부정 피드백
VOC00164,CUST0205,2024-09-03,전화,요금문의,긍정,요금문의 관련 긍정 피드백
VOC00165,CUST0441,2024-02-03,앱,요금문의,부정,요금문의 관련 부정 피드백
VOC00166,CUST0254,2024-12-08,전화,서비스불만,중립,서비스불만 관련 중립 피드백
VOC00167,CUST0372,2024-03-19,앱,상품문의,중립,상품문의 관련 중립 피드백
VOC00168,CUST0005,2024-07-04,앱,기타,중립,기타 관련 중립 피드백
VOC00169,CUST0055,2024-06-25,앱,상품문의,중립,상품문의 관련 중립 피드백
VOC00170,CUST0369,2024-04-30,홈페이지,요금문의,부정,요금문의 관련 부정 피드백
VOC00171,CUST0218,2024-12-24,전화,서비스불만,긍정,서비스불만 관련 긍정 피드백
VOC00172,CUST0408,2024-06-02,앱,서비스불만,부정,서비스불만 관련 부정 피드백
VOC00173,CUST0475,2024-05-29,앱,상품문의,긍정,상품문의 관련 긍정 피드백
VOC00174,CUST0390,2024-02-13,앱,요금문의,긍정,요금문의 관련 긍정 피드백
VOC00175,CUST0447,2024-08-17,앱,상품문의,긍정,상품문의 관련 긍정 피드백
VOC00176,CUST0220,2024-06-20,매장,요금문의,중립,요금문의 관련 중립 피드백
VOC00177,CUST0298,2024-07-17,전화,요금문의,중립,요금문의 관련 중립 피드백
VOC00178,CUST0075,2024-11-14,홈페이지,요금문의,부정,요금문의 관련 부정 피드백
VOC00179,CUST0457,2024-08-09,홈페이지,요금문의,부정,요금문의 관련 부정 피드백
VOC00180,CUST0333,2024-07-06,매장,서비스불만,부정,서비스불만 관련 부정 피드백
VOC00181,CUST0024,2024-06-16,앱,요금문의,중립,요금문의 관련 중립 피드백
VOC00182,CUST0252,2024-08-18,전화,서비스불만,중립,서비스불만 관련 중립 피드백
VOC00183,CUST0402,2024-03-07,앱,상품문의,부정,상품문의 관련 부정 피드백
VOC00184,CUST0111,2024-09-20,전화,요금문의,부정,요금문의 관련 부정 피드백
VOC00185,CUST0381,2024-11-05,홈페이지,요금문의,부정,요금문의 관련 부정 피드백
VOC00186,CUST0256,2024-05-27,전화,상품문의,중립,상품문의 관련 중립 피드백
VOC00187,CUST0411,2024-05-03,홈페이지,서비스불만,부정,서비스불만 관련 부정 피드백
VOC00188,CUST0031,2024-07-15,매장,요금문의,부정,요금문의 관련 부정 피드백
VOC00189,CUST0043,2024-04-11,홈페이지,결제오류,중립,결제오류 관련 중립 피드백
VOC00190,CUST0126,2024-03-25,홈페이지,결제오류,중립,결제오류 관련 중립 피드백
VOC00191,CUST0145,2024-02-15,앱,기타,부정,기타 관련 부정 피드백
VOC00192,CUST0126,2024-06-24,앱,상품문의,부정,상품문의 관련 부정 피드백
VOC00193,CUST0225,2024-02-29,전화,요금문의,부정,요금문의 관련 부정 피드백
VOC00194,CUST0480,2024-03-13,전화,요금문의,부정,요금문의 관련 부정 피드백
VOC00195,CUST0114,2024-03-09,앱,상품문의,부정,상품문의 관련 부정 피드백
VOC00196,CUST0092,2024-11-23,홈페이지,서비스불만,중립,서비스불만 관련 중립 피드백
VOC00197,CUST0230,2024-06-05,앱,상품문의,부정,상품문의 관련 부정 피드백
VOC00198,CUST0253,2024-08-04,앱,요금문의,부정,요금문의 관련 부정 피드백
VOC00199,CUST0123,2024-11-28,매장,요금문의,긍정,요금문의 관련 긍정 피드백
VOC00200,CUST0242,2024-01-11,앱,요금문의,중립,요금문의 관련 중립 피드백
VOC00201,CUST0130,2024-06-09,매장,요금문의,부정,요금문의 관련 부정 피드백
VOC00202,CUST0289,2024-05-14,전화,상품문의,부정,상품문의 관련 부정 피드백
VOC00203,CUST0053,2024-04-19,앱,서비스불만,부정,서비스불만 관련 부정 피드백
VOC00204,CUST0290,2024-06-04,앱,결제오류,부정,결제오류 관련 부정 피드백
VOC00205,CUST0412,2024-03-07,전화,서비스불만,부정,서비스불만 관련 부정 피드백
VOC00206,CUST0232,2024-10-13,홈페이지,상품문의,중립,상품문의 관련 중립 피드백
VOC00207,CUST0396,2024-04-05,앱,상품문의,부정,상품문의 관련 부정 피드백
VOC00208,CUST0194,2024-05-29,전화,서비스불만,긍정,서비스불만 관련 긍정 피드백
VOC00209,CUST0101,2024-06-22,앱,기타,중립,기타 관련 중립 피드백
VOC00210,CUST0377,2024-03-23,앱,요금문의,부정,요금문의 관련 부정 피드백
VOC00211,CUST0053,2024-10-28,홈페이지,서비스불만,중립,서비스불만 관련 중립 피드백
VOC00212,CUST0054,2024-01-17,전화,결제오류,중립,결제오류 관련 중립 피드백
VOC00213,CUST0247,2024-09-09,앱,서비스불만,부정,서비스불만 관련 부정 피드백
VOC00214,CUST0136,2024-10-12,홈페이지,상품문의,부정,상품문의 관련 부정 피드백
VOC00215,CUST0050,2024-10-29,홈페이지,서비스불만,중립,서비스불만 관련 중립 피드백
VOC00216,CUST0483,2024-09-25,전화,요금문의,긍정,요금문의 관련 긍정 피드백
VOC00217,CUST0300,2024-03-27,앱,요금문의,긍정,요금문의 관련 긍정 피드백
VOC00218,CUST0083,2024-04-06,전화,서비스불만,중립,서비스불만 관련 중립 피드백
VOC00219,CUST0251,2024-01-30,매장,상품문의,긍정,상품문의 관련 긍정 피드백
VOC00220,CUST0421,2024-05-22,매장,요금문의,부정,요금문의 관련 부정 피드백
VOC00221,CUST0164,2024-02-27,전화,요금문의,부정,요금문의 관련 부정 피드백
VOC00222,CUST0109,2024-06-10,매장,서비스불만,부정,서비스불만 관련 부정 피드백
VOC00223,CUST0267,2024-08-01,홈페이지,상품문의,긍정,상품문의 관련 긍정 피드백
VOC00224,CUST0081,2024-12-07,전화,서비스불만,중립,서비스불만 관련 중립 피드백
VOC00225,CUST0144,2024-05-04,전화,요금문의,부정,요금문의 관련 부정 피드백
VOC00226,CUST0325,2024-05-28,전화,상품문의,부정,상품문의 관련 부정 피드백
VOC00227,CUST0442,2024-02-16,전화,상품문의,부정,상품문의 관련 부정 피드백
VOC00228,CUST0245,2024-11-29,앱,요금문의,중립,요금문의 관련 중립 피드백
VOC00229,CUST0494,2024-01-13,앱,요금문의,중립,요금문의 관련 중립 피드백
VOC00230,CUST0335,2024-09-07,앱,기타,부정,기타 관련 부정 피드백
VOC00231,CUST0387,2024-12-19,전화,결제오류,중립,결제오류 관련 중립 피드백
VOC00232,CUST0167,2024-03-19,매장,상품문의,부정,상품문의 관련 부정 피드백
VOC00233,CUST0370,2024-01-13,앱,상품문의,부정,상품문의 관련 부정 피드백
VOC00234,CUST0203,2024-08-01,앱,결제오류,중립,결제오류 관련 중립 피드백
VOC00235,CUST0094,2024-02-22,전화,상품문의,긍정,상품문의 관련 긍정 피드백
VOC00236,CUST0032,2024-10-22,앱,기타,긍정,기타 관련 긍정 피드백
VOC00237,CUST0192,2024-07-22,앱,결제오류,부정,결제오류 관련 부정 피드백
VOC00238,CUST0075,2024-10-08,매장,결제오류,부정,결제오류 관련 부정 피드백
VOC00239,CUST0293,2024-12-17,앱,서비스불만,부정,서비스불만 관련 부정 피드백
VOC00240,CUST0435,2024-08-15,전화,서비스불만,부정,서비스불만 관련 부정 피드백
VOC00241,CUST0056,2024-03-24,전화,서비스불만,중립,서비스불만 관련 중립 피드백
VOC00242,CUST0474,2024-05-11,전화,결제오류,부정,결제오류 관련 부정 피드백
VOC00243,CUST0370,2024-05-05,앱,기타,부정,기타 관련 부정 피드백
VOC00244,CUST0473,2024-04-28,홈페이지,상품문의,중립,상품문의 관련 중립 피드백
VOC00245,CUST0442,2024-02-15,앱,요금문의,부정,요금문의 관련 부정 피드백
VOC00246,CUST0290,2024-01-02,전화,결제오류,부정,결제오류 관련 부정 피드백
VOC00247,CUST0442,2024-01-12,전화,결제오류,중립,결제오류 관련 중립 피드백
VOC00248,CUST0040,2024-12-12,매장,상품문의,중립,상품문의 관련 중립 피드백
VOC00249,CUST0398,2024-01-27,매장,서비스불만,부정,서비스불만 관련 부정 피드백
VOC00250,CUST0127,2024-03-06,전화,서비스불만,긍정,서비스불만 관련 긍정 피드백
VOC00251,CUST0054,2024-08-05,앱,결제오류,중립,결제오류 관련 중립 피드백
VOC00252,CUST0279,2024-04-27,앱,서비스불만,중립,서비스불만 관련 중립 피드백
VOC00253,CUST0284,2024-03-27,홈페이지,서비스불만,부정,서비스불만 관련 부정 피드백
VOC00254,CUST0061,2024-12-24,앱,결제오류,긍정,결제오류 관련 긍정 피드백
VOC00255,CUST0267,2024-09-24,전화,요금문의,긍정,요금문의 관련 긍정 피드백
VOC00256,CUST0433,2024-07-01,앱,서비스불만,부정,서비스불만 관련 부정 피드백
VOC00257,CUST0244,2024-06-01,매장,서비스불만,부정,서비스불만 관련 부정 피드백
VOC00258,CUST0423,2024-06-09,매장,서비스불만,부정,서비스불만 관련 부정 피드백
VOC00259,CUST0020,2024-04-14,앱,요금문의,부정,요금문의 관련 부정 피드백
VOC00260,CUST0159,2024-03-25,앱,서비스불만,긍정,서비스불만 관련 긍정 피드백
VOC00261,CUST0086,2024-02-12,전화,상품문의,부정,상품문의 관련 부정 피드백
VOC00262,CUST0093,2024-07-12,앱,요금문의,중립,요금문의 관련 중립 피드백
VOC00263,CUST0442,2024-01-26,전화,서비스불만,부정,서비스불만 관련 부정 피드백
VOC00264,CUST0140,2024-11-13,앱,서비스불만,부정,서비스불만 관련 부정 피드백
VOC00265,CUST0083,2024-12-17,전화,서비스불만,긍정,서비스불만 관련 긍정 피드백
VOC00266,CUST0456,2024-06-04,앱,서비스불만,긍정,서비스불만 관련 긍정 피드백
VOC00267,CUST0487,2024-10-26,홈페이지,상품문의,긍정,상품문의 관련 긍정 피드백
VOC00268,CUST0494,2024-07-19,매장,요금문의,부정,요금문의 관련 부정 피드백
VOC00269,CUST0061,2024-11-12,전화,서비스불만,부정,서비스불만 관련 부정 피드백
VOC00270,CUST0013,2024-06-26,전화,서비스불만,긍정,서비스불만 관련 긍정 피드백
VOC00271,CUST0331,2024-11-15,홈페이지,결제오류,부정,결제오류 관련 부정 피드백
VOC00272,CUST0485,2024-08-19,앱,요금문의,부정,요금문의 관련 부정 피드백
VOC00273,CUST0234,2024-04-18,전화,결제오류,부정,결제오류 관련 부정 피드백
VOC00274,CUST0325,2024-03-19,전화,상품문의,긍정,상품문의 관련 긍정 피드백
VOC00275,CUST0007,2024-09-29,앱,결제오류,부정,결제오류 관련 부정 피드백
VOC00276,CUST0273,2024-01-31,전화,상품문의,중립,상품문의 관련 중립 피드백
VOC00277,CUST0018,2024-07-26,매장,요금문의,중립,요금문의 관련 중립 피드백
VOC00278,CUST0144,2024-02-22,앱,서비스불만,부정,서비스불만 관련 부정 피드백
VOC00279,CUST0075,2024-10-25,전화,결제오류,부정,결제오류 관련 부정 피드백
VOC00280,CUST0238,2024-03-08,앱,서비스불만,중립,서비스불만 관련 중립 피드백
VOC00281,CUST0076,2024-05-30,전화,상품문의,부정,상품문의 관련 부정 피드백
VOC00282,CUST0014,2024-12-11,매장,상품문의,긍정,상품문의 관련 긍정 피드백
VOC00283,CUST0391,2024-12-05,전화,서비스불만,긍정,서비스불만 관련 긍정 피드백
VOC00284,CUST0218,2024-10-14,앱,서비스불만,중립,서비스불만 관련 중립 피드백
VOC00285,CUST0411,2024-04-08,홈페이지,요금문의,긍정,요금문의 관련 긍정 피드백
VOC00286,CUST0316,2024-03-25,전화,요금문의,부정,요금문의 관련 부정 피드백
VOC00287,CUST0238,2024-01-09,전화,서비스불만,부정,서비스불만 관련 부정 피드백
VOC00288,CUST0404,2024-06-12,전화,결제오류,부정,결제오류 관련 부정 피드백
VOC00289,CUST0299,2024-02-01,매장,결제오류,부정,결제오류 관련 부정 피드백
VOC00290,CUST0252,2024-08-16,전화,서비스불만,중립,서비스불만 관련 중립 피드백
VOC00291,CUST0182,2024-10-04,앱,서비스불만,부정,서비스불만 관련 부정 피드백
VOC00292,CUST0423,2024-12-23,전화,상품문의,부정,상품문의 관련 부정 피드백
VOC00293,CUST0399,2024-09-18,전화,서비스불만,중립,서비스불만 관련 중립 피드백
VOC00294,CUST0202,2024-05-04,전화,서비스불만,부정,서비스불만 관련 부정 피드백
VOC00295,CUST0110,2024-01-03,앱,상품문의,부정,상품문의 관련 부정 피드백
VOC00296,CUST0070,2024-12-19,매장,요금문의,긍정,요금문의 관련 긍정 피드백
VOC00297,CUST0261,2024-01-11,앱,서비스불만,부정,서비스불만 관련 부정 피드백
VOC00298,CUST0366,2024-05-06,전화,요금문의,부정,요금문의 관련 부정 피드백
VOC00299,CUST0132,2024-06-05,앱,결제오류,부정,결제오류 관련 부정 피드백
VOC00300,CUST0398,2024-08-05,전화,상품문의,부정,상품문의 관련 부정 피드백
VOC00301,CUST0488,2024-07-05,전화,서비스불만,부정,서비스불만 관련 부정 피드백
VOC00302,CUST0110,2024-02-14,앱,요금문의,부정,요금문의 관련 부정 피드백
VOC00303,CUST0019,2024-01-12,전화,서비스불만,부정,서비스불만 관련 부정 피드백
VOC00304,CUST0486,2024-03-24,전화,상품문의,부정,상품문의 관련 부정 피드백
VOC00305,CUST0156,2024-05-16,전화,상품문의,부정,상품문의 관련 부정 피드백
VOC00306,CUST0284,2024-06-28,홈페이지,서비스불만,중립,서비스불만 관련 중립 피드백
VOC00307,CUST0301,2024-02-10,전화,요금문의,부정,요금문의 관련 부정 피드백
VOC00308,CUST0404,2024-08-01,전화,요금문의,부정,요금문의 관련 부정 피드백
VOC00309,CUST0422,2024-06-23,앱,결제오류,중립,결제오류 관련 중립 피드백
VOC00310,CUST0194,2024-11-13,앱,요금문의,중립,요금문의 관련 중립 피드백
VOC00311,CUST0270,2024-04-24,전화,상품문의,중립,상품문의 관련 중립 피드백
VOC00312,CUST0406,2024-06-06,전화,서비스불만,부정,서비스불만 관련 부정 피드백
VOC00313,CUST0325,2024-04-05,전화,기타,중립,기타 관련 중립 피드백
VOC00314,CUST0466,2024-12-03,앱,서비스불만,중립,서비스불만 관련 중립 피드백
VOC00315,CUST0061,2024-01-15,전화,상품문의,부정,상품문의 관련 부정 피드백
VOC00316,CUST0192,2024-08-10,앱,상품문의,긍정,상품문의 관련 긍정 피드백
VOC00317,CUST0055,2024-01-26,앱,결제오류,부정,결제오류 관련 부정 피드백
VOC00318,CUST0164,2024-07-28,앱,결제오류,중립,결제오류 관련 중립 피드백
VOC00319,CUST0398,2024-08-11,전화,요금문의,부정,요금문의 관련 부정 피드백
VOC00320,CUST0464,2024-09-25,홈페이지,기타,부정,기타 관련 부정 피드백
VOC00321,CUST0221,2024-01-07,전화,요금문의,중립,요금문의 관련 중립 피드백
VOC00322,CUST0415,2024-11-29,홈페이지,결제오류,긍정,결제오류 관련 긍정 피드백
VOC00323,CUST0352,2024-02-10,홈페이지,요금문의,긍정,요금문의 관련 긍정 피드백
VOC00324,CUST0139,2024-12-03,앱,기타,중립,기타 관련 중립 피드백
VOC00325,CUST0128,2024-12-27,전화,서비스불만,부정,서비스불만 관련 부정 피드백
VOC00326,CUST0424,2024-08-17,전화,요금문의,부정,요금문의 관련 부정 피드백
VOC00327,CUST0070,2024-06-24,전화,요금문의,중립,요금문의 관련 중립 피드백
VOC00328,CUST0109,2024-11-09,앱,결제오류,부정,결제오류 관련 부정 피드백
VOC00329,CUST0001,2024-03-18,앱,요금문의,중립,요금문의 관련 중립 피드백
VOC00330,CUST0282,2024-01-20,전화,서비스불만,중립,서비스불만 관련 중립 피드백
VOC00331,CUST0126,2024-01-13,홈페이지,결제오류,부정,결제오류 관련 부정 피드백
VOC00332,CUST0091,2024-04-05,앱,기타,중립,기타 관련 중립 피드백
VOC00333,CUST0396,2024-10-17,홈페이지,결제오류,부정,결제오류 관련 부정 피드백
VOC00334,CUST0444,2024-12-06,앱,요금문의,중립,요금문의 관련 중립 피드백
VOC00335,CUST0360,2024-07-20,매장,서비스불만,부정,서비스불만 관련 부정 피드백
VOC00336,CUST0381,2024-04-11,앱,서비스불만,중립,서비스불만 관련 중립 피드백
VOC00337,CUST0424,2024-01-11,홈페이지,서비스불만,부정,서비스불만 관련 부정 피드백
VOC00338,CUST0133,2024-11-29,매장,결제오류,긍정,결제오류 관련 긍정 피드백
VOC00339,CUST0416,2024-03-30,매장,요금문의,중립,요금문의 관련 중립 피드백
VOC00340,CUST0208,2024-05-11,앱,결제오류,중립,결제오류 관련 중립 피드백
VOC00341,CUST0202,2024-03-11,전화,요금문의,중립,요금문의 관련 중립 피드백
VOC00342,CUST0367,2024-09-27,앱,요금문의,부정,요금문의 관련 부정 피드백
VOC00343,CUST0196,2024-12-10,앱,서비스불만,부정,서비스불만 관련 부정 피드백
VOC00344,CUST0287,2024-02-01,전화,결제오류,중립,결제오류 관련 중립 피드백
VOC00345,CUST0024,2024-07-24,전화,기타,부정,기타 관련 부정 피드백
VOC00346,CUST0200,2024-01-17,매장,서비스불만,부정,서비스불만 관련 부정 피드백
VOC00347,CUST0388,2024-11-27,매장,서비스불만,부정,서비스불만 관련 부정 피드백
VOC00348,CUST0156,2024-10-06,전화,결제오류,중립,결제오류 관련 중립 피드백
VOC00349,CUST0462,2024-04-29,앱,서비스불만,부정,서비스불만 관련 부정 피드백
VOC00350,CUST0047,2024-08-04,앱,상품문의,긍정,상품문의 관련 긍정 피드백
VOC00351,CUST0313,2024-07-07,앱,요금문의,긍정,요금문의 관련 긍정 피드백
VOC00352,CUST0276,2024-11-19,홈페이지,상품문의,긍정,상품문의 관련 긍정 피드백
VOC00353,CUST0446,2024-06-19,앱,요금문의,부정,요금문의 관련 부정 피드백
VOC00354,CUST0335,2024-07-12,전화,요금문의,긍정,요금문의 관련 긍정 피드백
VOC00355,CUST0254,2024-07-08,전화,기타,중립,기타 관련 중립 피드백
VOC00356,CUST0175,2024-02-29,전화,서비스불만,중립,서비스불만 관련 중립 피드백
VOC00357,CUST0278,2024-09-07,매장,요금문의,부정,요금문의 관련 부정 피드백
VOC00358,CUST0062,2024-12-22,앱,결제오류,긍정,결제오류 관련 긍정 피드백
VOC00359,CUST0120,2024-03-02,전화,서비스불만,부정,서비스불만 관련 부정 피드백
VOC00360,CUST0362,2024-04-16,앱,요금문의,중립,요금문의 관련 중립 피드백
VOC00361,CUST0027,2024-05-16,전화,서비스불만,부정,서비스불만 관련 부정 피드백
VOC00362,CUST0066,2024-03-24,전화,결제오류,중립,결제오류 관련 중립 피드백
VOC00363,CUST0299,2024-03-14,전화,요금문의,중립,요금문의 관련 중립 피드백
VOC00364,CUST0313,2024-04-14,매장,서비스불만,부정,서비스불만 관련 부정 피드백
VOC00365,CUST0269,2024-05-11,전화,상품문의,부정,상품문의 관련 부정 피드백
VOC00366,CUST0301,2024-02-07,전화,서비스불만,부정,서비스불만 관련 부정 피드백
VOC00367,CUST0361,2024-08-28,앱,상품문의,부정,상품문의 관련 부정 피드백
VOC00368,CUST0223,2024-05-17,매장,요금문의,중립,요금문의 관련 중립 피드백
VOC00369,CUST0149,2024-04-11,전화,결제오류,긍정,결제오류 관련 긍정 피드백
VOC00370,CUST0400,2024-06-13,전화,서비스불만,부정,서비스불만 관련 부정 피드백
VOC00371,CUST0235,2024-09-03,홈페이지,서비스불만,중립,서비스불만 관련 중립 피드백
VOC00372,CUST0440,2024-11-23,홈페이지,서비스불만,중립,서비스불만 관련 중립 피드백
VOC00373,CUST0219,2024-09-12,앱,서비스불만,부정,서비스불만 관련 부정 피드백
VOC00374,CUST0137,2024-10-17,전화,기타,중립,기타 관련 중립 피드백
VOC00375,CUST0252,2024-12-31,매장,기타,부정,기타 관련 부정 피드백
VOC00376,CUST0230,2024-05-28,앱,요금문의,중립,요금문의 관련 중립 피드백
VOC00377,CUST0487,2024-04-24,앱,요금문의,부정,요금문의 관련 부정 피드백
VOC00378,CUST0475,2024-01-21,전화,요금문의,부정,요금문의 관련 부정 피드백
VOC00379,CUST0018,2024-12-17,전화,상품문의,중립,상품문의 관련 중립 피드백
VOC00380,CUST0270,2024-04-18,앱,기타,중립,기타 관련 중립 피드백
VOC00381,CUST0157,2024-01-13,앱,요금문의,긍정,요금문의 관련 긍정 피드백
VOC00382,CUST0377,2024-03-10,전화,요금문의,부정,요금문의 관련 부정 피드백
VOC00383,CUST0336,2024-12-03,앱,결제오류,중립,결제오류 관련 중립 피드백
VOC00384,CUST0356,2024-03-23,앱,상품문의,중립,상품문의 관련 중립 피드백
VOC00385,CUST0243,2024-08-06,앱,요금문의,부정,요금문의 관련 부정 피드백
VOC00386,CUST0216,2024-01-01,전화,결제오류,부정,결제오류 관련 부정 피드백
VOC00387,CUST0087,2024-03-02,매장,요금문의,중립,요금문의 관련 중립 피드백
VOC00388,CUST0101,2024-02-19,전화,기타,중립,기타 관련 중립 피드백
VOC00389,CUST0110,2024-11-14,앱,요금문의,부정,요금문의 관련 부정 피드백
VOC00390,CUST0103,2024-04-30,매장,서비스불만,중립,서비스불만 관련 중립 피드백
VOC00391,CUST0171,2024-05-12,매장,기타,부정,기타 관련 부정 피드백
VOC00392,CUST0426,2024-11-12,전화,결제오류,부정,결제오류 관련 부정 피드백
VOC00393,CUST0085,2024-09-09,전화,결제오류,긍정,결제오류 관련 긍정 피드백
VOC00394,CUST0170,2024-06-27,앱,요금문의,중립,요금문의 관련 중립 피드백
VOC00395,CUST0283,2024-05-11,전화,결제오류,중립,결제오류 관련 중립 피드백
VOC00396,CUST0058,2024-11-28,매장,서비스불만,중립,서비스불만 관련 중립 피드백
VOC00397,CUST0424,2024-06-08,전화,서비스불만,중립,서비스불만 관련 중립 피드백
VOC00398,CUST0130,2024-08-10,홈페이지,상품문의,중립,상품문의 관련 중립 피드백
VOC00399,CUST0070,2024-09-10,앱,결제오류,부정,결제오류 관련 부정 피드백
VOC00400,CUST0278,2024-04-16,매장,결제오류,긍정,결제오류 관련 긍정 피드백
VOC00401,CUST0108,2024-12-26,홈페이지,상품문의,부정,상품문의 관련 부정 피드백
VOC00402,CUST0118,2024-08-11,앱,기타,중립,기타 관련 중립 피드백
VOC00403,CUST0040,2024-05-09,전화,요금문의,부정,요금문의 관련 부정 피드백
VOC00404,CUST0133,2024-05-19,매장,요금문의,중립,요금문의 관련 중립 피드백
VOC00405,CUST0344,2024-04-03,홈페이지,기타,부정,기타 관련 부정 피드백
VOC00406,CUST0224,2024-06-29,앱,상품문의,부정,상품문의 관련 부정 피드백
VOC00407,CUST0218,2024-03-18,전화,요금문의,긍정,요금문의 관련 긍정 피드백
VOC00408,CUST0410,2024-08-14,앱,상품문의,부정,상품문의 관련 부정 피드백
VOC00409,CUST0265,2024-06-08,앱,서비스불만,부정,서비스불만 관련 부정 피드백
VOC00410,CUST0348,2024-08-18,전화,기타,중립,기타 관련 중립 피드백
VOC00411,CUST0156,2024-12-13,앱,결제오류,중립,결제오류 관련 중립 피드백
VOC00412,CUST0173,2024-04-28,전화,서비스불만,중립,서비스불만 관련 중립 피드백
VOC00413,CUST0162,2024-07-22,전화,결제오류,중립,결제오류 관련 중립 피드백
VOC00414,CUST0136,2024-10-09,앱,서비스불만,부정,서비스불만 관련 부정 피드백
VOC00415,CUST0053,2024-09-03,앱,기타,중립,기타 관련 중립 피드백
VOC00416,CUST0162,2024-07-15,홈페이지,결제오류,부정,결제오류 관련 부정 피드백
VOC00417,CUST0154,2024-01-21,홈페이지,기타,중립,기타 관련 중립 피드백
VOC00418,CUST0322,2024-07-08,앱,요금문의,부정,요금문의 관련 부정 피드백
VOC00419,CUST0095,2024-10-11,홈페이지,상품문의,중립,상품문의 관련 중립 피드백
VOC00420,CUST0392,2024-11-21,홈페이지,결제오류,부정,결제오류 관련 부정 피드백
VOC00421,CUST0018,2024-09-22,앱,서비스불만,긍정,서비스불만 관련 긍정 피드백
VOC00422,CUST0250,2024-09-16,매장,서비스불만,부정,서비스불만 관련 부정 피드백
VOC00423,CUST0433,2024-09-29,매장,결제오류,부정,결제오류 관련 부정 피드백
VOC00424,CUST0067,2024-12-22,앱,서비스불만,중립,서비스불만 관련 중립 피드백
VOC00425,CUST0147,2024-05-16,홈페이지,요금문의,부정,요금문의 관련 부정 피드백
VOC00426,CUST0385,2024-07-15,앱,결제오류,중립,결제오류 관련 중립 피드백
VOC00427,CUST0054,2024-06-26,앱,요금문의,긍정,요금문의 관련 긍정 피드백
VOC00428,CUST0486,2024-09-18,앱,상품문의,중립,상품문의 관련 중립 피드백
VOC00429,CUST0325,2024-10-06,앱,요금문의,부정,요금문의 관련 부정 피드백
VOC00430,CUST0124,2024-05-10,홈페이지,상품문의,중립,상품문의 관련 중립 피드백
VOC00431,CUST0422,2024-07-04,전화,기타,긍정,기타 관련 긍정 피드백
VOC00432,CUST0379,2024-09-28,전화,기타,중립,기타 관련 중립 피드백
VOC00433,CUST0252,2024-04-24,전화,서비스불만,부정,서비스불만 관련 부정 피드백
VOC00434,CUST0061,2024-01-09,앱,서비스불만,중립,서비스불만 관련 중립 피드백
VOC00435,CUST0034,2024-03-11,매장,서비스불만,부정,서비스불만 관련 부정 피드백
VOC00436,CUST0036,2024-08-20,앱,상품문의,부정,상품문의 관련 부정 피드백
VOC00437,CUST0083,2024-01-02,홈페이지,상품문의,부정,상품문의 관련 부정 피드백
VOC00438,CUST0180,2024-09-18,앱,상품문의,부정,상품문의 관련 부정 피드백
VOC00439,CUST0167,2024-10-24,매장,기타,중립,기타 관련 중립 피드백
VOC00440,CUST0340,2024-09-09,앱,기타,부정,기타 관련 부정 피드백
VOC00441,CUST0200,2024-01-31,앱,결제오류,부정,결제오류 관련 부정 피드백
VOC00442,CUST0282,2024-10-08,앱,요금문의,중립,요금문의 관련 중립 피드백
VOC00443,CUST0023,2024-01-21,앱,상품문의,중립,상품문의 관련 중립 피드백
VOC00444,CUST0146,2024-05-24,홈페이지,요금문의,중립,요금문의 관련 중립 피드백
VOC00445,CUST0397,2024-07-19,매장,상품문의,긍정,상품문의 관련 긍정 피드백
VOC00446,CUST0373,2024-02-08,앱,요금문의,부정,요금문의 관련 부정 피드백
VOC00447,CUST0414,2024-02-25,전화,서비스불만,중립,서비스불만 관련 중립 피드백
VOC00448,CUST0437,2024-01-12,홈페이지,상품문의,중립,상품문의 관련 중립 피드백
VOC00449,CUST0117,2024-07-04,전화,결제오류,부정,결제오류 관련 부정 피드백
VOC00450,CUST0117,2024-11-10,전화,요금문의,부정,요금문의 관련 부정 피드백
VOC00451,CUST0443,2024-06-20,홈페이지,서비스불만,부정,서비스불만 관련 부정 피드백
VOC00452,CUST0106,2024-12-29,전화,서비스불만,부정,서비스불만 관련 부정 피드백
VOC00453,CUST0470,2024-09-21,전화,요금문의,부정,요금문의 관련 부정 피드백
VOC00454,CUST0344,2024-09-02,홈페이지,서비스불만,긍정,서비스불만 관련 긍정 피드백
VOC00455,CUST0206,2024-11-17,전화,기타,중립,기타 관련 중립 피드백
VOC00456,CUST0439,2024-11-04,앱,요금문의,긍정,요금문의 관련 긍정 피드백
VOC00457,CUST0127,2024-03-22,전화,요금문의,중립,요금문의 관련 중립 피드백
VOC00458,CUST0033,2024-10-15,전화,상품문의,긍정,상품문의 관련 긍정 피드백
VOC00459,CUST0274,2024-06-13,홈페이지,서비스불만,중립,서비스불만 관련 중립 피드백
VOC00460,CUST0192,2024-06-12,전화,서비스불만,부정,서비스불만 관련 부정 피드백
VOC00461,CUST0365,2024-11-09,전화,상품문의,부정,상품문의 관련 부정 피드백
VOC00462,CUST0211,2024-04-10,홈페이지,결제오류,중립,결제오류 관련 중립 피드백
VOC00463,CUST0040,2024-06-12,매장,서비스불만,부정,서비스불만 관련 부정 피드백
VOC00464,CUST0147,2024-05-09,전화,서비스불만,부정,서비스불만 관련 부정 피드백
VOC00465,CUST0376,2024-09-14,홈페이지,서비스불만,부정,서비스불만 관련 부정 피드백
VOC00466,CUST0500,2024-10-26,앱,요금문의,부정,요금문의 관련 부정 피드백
VOC00467,CUST0266,2024-10-21,홈페이지,요금문의,긍정,요금문의 관련 긍정 피드백
VOC00468,CUST0235,2024-10-29,앱,상품문의,부정,상품문의 관련 부정 피드백
VOC00469,CUST0415,2024-04-18,전화,요금문의,부정,요금문의 관련 부정 피드백
VOC00470,CUST0486,2024-06-02,전화,요금문의,중립,요금문의 관련 중립 피드백
VOC00471,CUST0350,2024-05-31,전화,서비스불만,부정,서비스불만 관련 부정 피드백
VOC00472,CUST0319,2024-05-13,홈페이지,결제오류,부정,결제오류 관련 부정 피드백
VOC00473,CUST0393,2024-02-06,홈페이지,결제오류,부정,결제오류 관련 부정 피드백
VOC00474,CUST0497,2024-02-11,매장,서비스불만,긍정,서비스불만 관련 긍정 피드백
VOC00475,CUST0195,2024-07-31,전화,결제오류,긍정,결제오류 관련 긍정 피드백
VOC00476,CUST0396,2024-06-23,전화,결제오류,중립,결제오류 관련 중립 피드백
VOC00477,CUST0036,2024-11-11,앱,결제오류,부정,결제오류 관련 부정 피드백
VOC00478,CUST0283,2024-03-23,전화,상품문의,부정,상품문의 관련 부정 피드백
VOC00479,CUST0383,2024-02-04,홈페이지,요금문의,중립,요금문의 관련 중립 피드백
VOC00480,CUST0250,2024-09-28,전화,상품문의,부정,상품문의 관련 부정 피드백
VOC00481,CUST0381,2024-08-06,앱,요금문의,중립,요금문의 관련 중립 피드백
VOC00482,CUST0473,2024-09-09,매장,상품문의,부정,상품문의 관련 부정 피드백
VOC00483,CUST0402,2024-08-01,앱,요금문의,부정,요금문의 관련 부정 피드백
VOC00484,CUST0140,2024-05-22,홈페이지,서비스불만,부정,서비스불만 관련 부정 피드백
VOC00485,CUST0456,2024-01-02,전화,기타,중립,기타 관련 중립 피드백
VOC00486,CUST0211,2024-03-08,전화,서비스불만,부정,서비스불만 관련 부정 피드백
VOC00487,CUST0465,2024-07-01,앱,상품문의,부정,상품문의 관련 부정 피드백
VOC00488,CUST0096,2024-01-21,전화,요금문의,긍정,요금문의 관련 긍정 피드백
VOC00489,CUST0439,2024-08-29,전화,요금문의,부정,요금문의 관련 부정 피드백
VOC00490,CUST0325,2024-07-23,앱,기타,부정,기타 관련 부정 피드백
VOC00491,CUST0460,2024-04-20,앱,결제오류,부정,결제오류 관련 부정 피드백
VOC00492,CUST0497,2024-09-25,앱,결제오류,중립,결제오류 관련 중립 피드백
VOC00493,CUST0403,2024-10-22,앱,요금문의,부정,요금문의 관련 부정 피드백
VOC00494,CUST0486,2024-12-03,전화,기타,중립,기타 관련 중립 피드백
VOC00495,CUST0194,2024-06-30,앱,기타,부정,기타 관련 부정 피드백
VOC00496,CUST0318,2024-02-16,홈페이지,서비스불만,부정,서비스불만 관련 부정 피드백
VOC00497,CUST0287,2024-10-08,매장,요금문의,중립,요금문의 관련 중립 피드백
VOC00498,CUST0082,2024-08-21,전화,요금문의,중립,요금문의 관련 중립 피드백
VOC00499,CUST0278,2024-05-15,매장,서비스불만,부정,서비스불만 관련 부정 피드백
VOC00500,CUST0020,2024-11-22,앱,상품문의,부정,상품문의 관련 부정 피드백
VOC00501,CUST0340,2024-03-23,매장,결제오류,중립,결제오류 관련 중립 피드백
VOC00502,CUST0018,2024-06-14,앱,서비스불만,중립,서비스불만 관련 중립 피드백
VOC00503,CUST0410,2024-05-07,앱,기타,부정,기타 관련 부정 피드백
VOC00504,CUST0369,2024-02-13,매장,서비스불만,중립,서비스불만 관련 중립 피드백
VOC00505,CUST0254,2024-02-01,홈페이지,서비스불만,긍정,서비스불만 관련 긍정 피드백
VOC00506,CUST0123,2024-12-17,앱,상품문의,부정,상품문의 관련 부정 피드백
VOC00507,CUST0486,2024-06-03,전화,요금문의,부정,요금문의 관련 부정 피드백
VOC00508,CUST0066,2024-10-09,전화,서비스불만,중립,서비스불만 관련 중립 피드백
VOC00509,CUST0410,2024-04-18,전화,서비스불만,긍정,서비스불만 관련 긍정 피드백
VOC00510,CUST0455,2024-06-13,앱,서비스불만,긍정,서비스불만 관련 긍정 피드백
VOC00511,CUST0411,2024-05-25,전화,상품문의,부정,상품문의 관련 부정 피드백
VOC00512,CUST0251,2024-02-03,전화,요금문의,부정,요금문의 관련 부정 피드백
VOC00513,CUST0083,2024-07-06,전화,서비스불만,긍정,서비스불만 관련 긍정 피드백
VOC00514,CUST0050,2024-01-14,앱,서비스불만,부정,서비스불만 관련 부정 피드백
VOC00515,CUST0468,2024-04-08,앱,서비스불만,부정,서비스불만 관련 부정 피드백
VOC00516,CUST0157,2024-04-07,앱,요금문의,부정,요금문의 관련 부정 피드백
VOC00517,CUST0497,2024-10-01,전화,기타,중립,기타 관련 중립 피드백
VOC00518,CUST0454,2024-03-25,전화,결제오류,부정,결제오류 관련 부정 피드백
VOC00519,CUST0475,2024-12-22,홈페이지,결제오류,부정,결제오류 관련 부정 피드백
VOC00520,CUST0189,2024-10-28,전화,상품문의,부정,상품문의 관련 부정 피드백
VOC00521,CUST0175,2024-10-11,앱,서비스불만,부정,서비스불만 관련 부정 피드백
VOC00522,CUST0247,2024-04-29,앱,요금문의,중립,요금문의 관련 중립 피드백
VOC00523,CUST0473,2024-12-25,앱,요금문의,중립,요금문의 관련 중립 피드백
VOC00524,CUST0492,2024-02-08,앱,요금문의,중립,요금문의 관련 중립 피드백
VOC00525,CUST0177,2024-11-30,전화,요금문의,부정,요금문의 관련 부정 피드백
VOC00526,CUST0053,2024-02-12,전화,결제오류,긍정,결제오류 관련 긍정 피드백
VOC00527,CUST0083,2024-09-30,앱,기타,부정,기타 관련 부정 피드백
VOC00528,CUST0175,2024-08-18,앱,기타,부정,기타 관련 부정 피드백
VOC00529,CUST0315,2024-12-31,앱,요금문의,중립,요금문의 관련 중립 피드백
VOC00530,CUST0087,2024-02-21,앱,기타,중립,기타 관련 중립 피드백
VOC00531,CUST0406,2024-07-01,전화,상품문의,중립,상품문의 관련 중립 피드백
VOC00532,CUST0420,2024-11-05,홈페이지,요금문의,부정,요금문의 관련 부정 피드백
VOC00533,CUST0297,2024-12-22,매장,기타,부정,기타 관련 부정 피드백
VOC00534,CUST0474,2024-11-12,앱,기타,부정,기타 관련 부정 피드백
VOC00535,CUST0420,2024-06-22,홈페이지,결제오류,중립,결제오류 관련 중립 피드백
VOC00536,CUST0303,2024-06-13,앱,요금문의,부정,요금문의 관련 부정 피드백
VOC00537,CUST0198,2024-11-08,앱,기타,긍정,기타 관련 긍정 피드백
VOC00538,CUST0404,2024-08-30,전화,상품문의,부정,상품문의 관련 부정 피드백
VOC00539,CUST0325,2024-01-18,홈페이지,결제오류,중립,결제오류 관련 중립 피드백
VOC00540,CUST0356,2024-03-16,전화,상품문의,중립,상품문의 관련 중립 피드백
VOC00541,CUST0416,2024-08-18,앱,요금문의,부정,요금문의 관련 부정 피드백
VOC00542,CUST0294,2024-05-09,매장,상품문의,부정,상품문의 관련 부정 피드백
VOC00543,CUST0154,2024-12-06,매장,서비스불만,부정,서비스불만 관련 부정 피드백
VOC00544,CUST0420,2024-11-18,앱,서비스불만,부정,서비스불만 관련 부정 피드백
VOC00545,CUST0421,2024-11-14,앱,서비스불만,긍정,서비스불만 관련 긍정 피드백
VOC00546,CUST0254,2024-12-28,매장,상품문의,부정,상품문의 관련 부정 피드백
VOC00547,CUST0150,2024-10-30,전화,상품문의,부정,상품문의 관련 부정 피드백
VOC00548,CUST0018,2024-11-09,전화,서비스불만,부정,서비스불만 관련 부정 피드백
VOC00549,CUST0117,2024-01-23,앱,요금문의,중립,요금문의 관련 중립 피드백
VOC00550,CUST0496,2024-02-09,앱,상품문의,부정,상품문의 관련 부정 피드백
VOC00551,CUST0475,2024-07-27,매장,요금문의,부정,요금문의 관련 부정 피드백
VOC00552,CUST0484,2024-09-20,앱,기타,부정,기타 관련 부정 피드백
VOC00553,CUST0199,2024-10-28,전화,서비스불만,부정,서비스불만 관련 부정 피드백
VOC00554,CUST0384,2024-07-01,앱,요금문의,긍정,요금문의 관련 긍정 피드백
VOC00555,CUST0318,2024-06-25,홈페이지,결제오류,부정,결제오류 관련 부정 피드백
VOC00556,CUST0452,2024-10-09,전화,상품문의,부정,상품문의 관련 부정 피드백
VOC00557,CUST0071,2024-01-09,전화,요금문의,부정,요금문의 관련 부정 피드백
VOC00558,CUST0487,2024-10-29,앱,결제오류,중립,결제오류 관련 중립 피드백
VOC00559,CUST0218,2024-09-07,앱,상품문의,중립,상품문의 관련 중립 피드백
VOC00560,CUST0225,2024-04-08,매장,결제오류,부정,결제오류 관련 부정 피드백
VOC00561,CUST0109,2024-02-09,전화,결제오류,부정,결제오류 관련 부정 피드백
VOC00562,CUST0082,2024-12-11,전화,서비스불만,긍정,서비스불만 관련 긍정 피드백
VOC00563,CUST0301,2024-12-25,전화,서비스불만,중립,서비스불만 관련 중립 피드백
VOC00564,CUST0252,2024-01-02,앱,결제오류,중립,결제오류 관련 중립 피드백
VOC00565,CUST0159,2024-07-15,매장,요금문의,부정,요금문의 관련 부정 피드백
VOC00566,CUST0317,2024-02-16,전화,결제오류,부정,결제오류 관련 부정 피드백
VOC00567,CUST0167,2024-07-18,앱,상품문의,부정,상품문의 관련 부정 피드백
VOC00568,CUST0402,2024-07-20,전화,결제오류,중립,결제오류 관련 중립 피드백
VOC00569,CUST0442,2024-04-05,전화,상품문의,부정,상품문의 관련 부정 피드백
VOC00570,CUST0496,2024-05-17,홈페이지,서비스불만,부정,서비스불만 관련 부정 피드백
VOC00571,CUST0471,2024-02-08,전화,서비스불만,중립,서비스불만 관련 중립 피드백
VOC00572,CUST0089,2024-05-15,전화,기타,긍정,기타 관련 긍정 피드백
VOC00573,CUST0155,2024-09-11,전화,서비스불만,긍정,서비스불만 관련 긍정 피드백
VOC00574,CUST0313,2024-10-24,매장,요금문의,부정,요금문의 관련 부정 피드백
VOC00575,CUST0064,2024-07-05,전화,요금문의,긍정,요금문의 관련 긍정 피드백
VOC00576,CUST0331,2024-06-18,매장,서비스불만,부정,서비스불만 관련 부정 피드백
VOC00577,CUST0320,2024-12-27,전화,서비스불만,중립,서비스불만 관련 중립 피드백
VOC00578,CUST0494,2024-01-18,전화,기타,부정,기타 관련 부정 피드백
VOC00579,CUST0424,2024-08-03,매장,서비스불만,중립,서비스불만 관련 중립 피드백
VOC00580,CUST0238,2024-05-26,매장,서비스불만,부정,서비스불만 관련 부정 피드백
VOC00581,CUST0070,2024-06-21,앱,요금문의,부정,요금문의 관련 부정 피드백
VOC00582,CUST0405,2024-08-18,앱,서비스불만,부정,서비스불만 관련 부정 피드백
VOC00583,CUST0097,2024-10-21,전화,상품문의,부정,상품문의 관련 부정 피드백
VOC00584,CUST0089,2024-02-04,전화,결제오류,중립,결제오류 관련 중립 피드백
VOC00585,CUST0341,2024-10-16,앱,서비스불만,부정,서비스불만 관련 부정 피드백
VOC00586,CUST0386,2024-12-10,매장,요금문의,부정,요금문의 관련 부정 피드백
VOC00587,CUST0126,2024-12-24,앱,서비스불만,부정,서비스불만 관련 부정 피드백
VOC00588,CUST0049,2024-12-20,전화,기타,부정,기타 관련 부정 피드백
VOC00589,CUST0322,2024-02-21,홈페이지,서비스불만,부정,서비스불만 관련 부정 피드백
VOC00590,CUST0160,2024-04-30,전화,기타,긍정,기타 관련 긍정 피드백
VOC00591,CUST0143,2024-07-13,앱,요금문의,중립,요금문의 관련 중립 피드백
VOC00592,CUST0344,2024-06-06,전화,상품문의,부정,상품문의 관련 부정 피드백
VOC00593,CUST0270,2024-09-17,홈페이지,기타,중립,기타 관련 중립 피드백
VOC00594,CUST0211,2024-01-14,전화,요금문의,부정,요금문의 관련 부정 피드백
VOC00595,CUST0221,2024-09-09,전화,기타,중립,기타 관련 중립 피드백
VOC00596,CUST0135,2024-03-18,전화,서비스불만,중립,서비스불만 관련 중립 피드백
VOC00597,CUST0040,2024-09-05,홈페이지,결제오류,부정,결제오류 관련 부정 피드백
VOC00598,CUST0162,2024-03-23,전화,요금문의,부정,요금문의 관련 부정 피드백
VOC00599,CUST0058,2024-07-02,홈페이지,기타,긍정,기타 관련 긍정 피드백
VOC00600,CUST0189,2024-07-13,앱,결제오류,부정,결제오류 관련 부정 피드백
VOC00601,CUST0189,2024-01-05,전화,요금문의,부정,요금문의 관련 부정 피드백
VOC00602,CUST0478,2024-03-10,홈페이지,서비스불만,중립,서비스불만 관련 중립 피드백
VOC00603,CUST0303,2024-03-17,전화,상품문의,부정,상품문의 관련 부정 피드백
VOC00604,CUST0377,2024-06-13,전화,요금문의,부정,요금문의 관련 부정 피드백
VOC00605,CUST0144,2024-12-05,앱,서비스불만,긍정,서비스불만 관련 긍정 피드백
VOC00606,CUST0397,2024-08-31,매장,요금문의,부정,요금문의 관련 부정 피드백
VOC00607,CUST0325,2024-06-02,홈페이지,결제오류,중립,결제오류 관련 중립 피드백
VOC00608,CUST0381,2024-09-25,앱,서비스불만,중립,서비스불만 관련 중립 피드백
VOC00609,CUST0018,2024-10-14,전화,요금문의,부정,요금문의 관련 부정 피드백
VOC00610,CUST0329,2024-04-24,앱,상품문의,긍정,상품문의 관련 긍정 피드백
VOC00611,CUST0420,2024-08-29,앱,요금문의,긍정,요금문의 관련 긍정 피드백
VOC00612,CUST0017,2024-10-12,매장,기타,중립,기타 관련 중립 피드백
VOC00613,CUST0094,2024-04-29,전화,결제오류,부정,결제오류 관련 부정 피드백
VOC00614,CUST0491,2024-02-23,앱,서비스불만,중립,서비스불만 관련 중립 피드백
VOC00615,CUST0497,2024-11-05,매장,결제오류,부정,결제오류 관련 부정 피드백
VOC00616,CUST0286,2024-07-22,앱,기타,부정,기타 관련 부정 피드백
VOC00617,CUST0309,2024-06-03,앱,기타,긍정,기타 관련 긍정 피드백
VOC00618,CUST0395,2024-09-01,전화,서비스불만,부정,서비스불만 관련 부정 피드백
VOC00619,CUST0130,2024-08-04,앱,요금문의,중립,요금문의 관련 중립 피드백
VOC00620,CUST0464,2024-01-18,앱,요금문의,부정,요금문의 관련 부정 피드백
VOC00621,CUST0401,2024-04-03,홈페이지,서비스불만,긍정,서비스불만 관련 긍정 피드백
VOC00622,CUST0179,2024-08-04,앱,요금문의,중립,요금문의 관련 중립 피드백
VOC00623,CUST0160,2024-04-06,전화,상품문의,부정,상품문의 관련 부정 피드백
VOC00624,CUST0206,2024-03-18,앱,결제오류,부정,결제오류 관련 부정 피드백
VOC00625,CUST0109,2024-08-04,전화,서비스불만,긍정,서비스불만 관련 긍정 피드백
VOC00626,CUST0097,2024-03-27,매장,상품문의,긍정,상품문의 관련 긍정 피드백
VOC00627,CUST0366,2024-08-15,전화,서비스불만,중립,서비스불만 관련 중립 피드백
VOC00628,CUST0388,2024-10-06,매장,요금문의,부정,요금문의 관련 부정 피드백
VOC00629,CUST0083,2024-07-22,앱,요금문의,부정,요금문의 관련 부정 피드백
VOC00630,CUST0158,2024-12-13,전화,결제오류,중립,결제오류 관련 중립 피드백
VOC00631,CUST0186,2024-03-01,앱,상품문의,부정,상품문의 관련 부정 피드백
VOC00632,CUST0384,2024-12-13,홈페이지,결제오류,부정,결제오류 관련 부정 피드백
VOC00633,CUST0319,2024-12-24,전화,요금문의,부정,요금문의 관련 부정 피드백
VOC00634,CUST0117,2024-12-06,전화,서비스불만,중립,서비스불만 관련 중립 피드백
VOC00635,CUST0373,2024-04-30,매장,요금문의,긍정,요금문의 관련 긍정 피드백
VOC00636,CUST0083,2024-12-21,전화,요금문의,부정,요금문의 관련 부정 피드백
VOC00637,CUST0325,2024-05-16,홈페이지,요금문의,긍정,요금문의 관련 긍정 피드백
VOC00638,CUST0393,2024-04-12,매장,서비스불만,부정,서비스불만 관련 부정 피드백
VOC00639,CUST0432,2024-04-17,앱,서비스불만,부정,서비스불만 관련 부정 피드백
VOC00640,CUST0117,2024-12-14,앱,상품문의,부정,상품문의 관련 부정 피드백
VOC00641,CUST0470,2024-05-24,전화,요금문의,부정,요금문의 관련 부정 피드백
VOC00642,CUST0402,2024-01-25,앱,서비스불만,부정,서비스불만 관련 부정 피드백
VOC00643,CUST0188,2024-01-10,전화,요금문의,중립,요금문의 관련 중립 피드백
VOC00644,CUST0047,2024-06-08,앱,서비스불만,중립,서비스불만 관련 중립 피드백
VOC00645,CUST0202,2024-10-16,매장,요금문의,긍정,요금문의 관련 긍정 피드백
VOC00646,CUST0491,2024-07-20,앱,요금문의,중립,요금문의 관련 중립 피드백
VOC00647,CUST0304,2024-01-26,앱,요금문의,부정,요금문의 관련 부정 피드백
VOC00648,CUST0480,2024-09-11,앱,상품문의,부정,상품문의 관련 부정 피드백
VOC00649,CUST0008,2024-09-23,앱,요금문의,긍정,요금문의 관련 긍정 피드백
VOC00650,CUST0432,2024-09-08,앱,요금문의,부정,요금문의 관련 부정 피드백
VOC00651,CUST0429,2024-11-16,앱,서비스불만,부정,서비스불만 관련 부정 피드백
VOC00652,CUST0482,2024-07-01,전화,서비스불만,중립,서비스불만 관련 중립 피드백
VOC00653,CUST0041,2024-03-09,앱,기타,중립,기타 관련 중립 피드백
VOC00654,CUST0208,2024-05-08,전화,상품문의,중립,상품문의 관련 중립 피드백
VOC00655,CUST0044,2024-07-26,전화,요금문의,부정,요금문의 관련 부정 피드백
VOC00656,CUST0300,2024-08-04,전화,요금문의,부정,요금문의 관련 부정 피드백
VOC00657,CUST0152,2024-01-30,전화,상품문의,중립,상품문의 관련 중립 피드백
VOC00658,CUST0493,2024-02-27,매장,서비스불만,부정,서비스불만 관련 부정 피드백
VOC00659,CUST0283,2024-08-28,앱,기타,부정,기타 관련 부정 피드백
VOC00660,CUST0018,2024-09-07,매장,결제오류,부정,결제오류 관련 부정 피드백
VOC00661,CUST0017,2024-02-04,앱,요금문의,중립,요금문의 관련 중립 피드백
VOC00662,CUST0284,2024-08-26,앱,상품문의,중립,상품문의 관련 중립 피드백
VOC00663,CUST0026,2024-06-07,앱,상품문의,중립,상품문의 관련 중립 피드백
VOC00664,CUST0061,2024-01-01,홈페이지,상품문의,긍정,상품문의 관련 긍정 피드백
VOC00665,CUST0202,2024-04-10,전화,결제오류,부정,결제오류 관련 부정 피드백
VOC00666,CUST0045,2024-12-30,홈페이지,서비스불만,중립,서비스불만 관련 중립 피드백
VOC00667,CUST0255,2024-10-07,앱,요금문의,부정,요금문의 관련 부정 피드백
VOC00668,CUST0156,2024-04-28,앱,서비스불만,부정,서비스불만 관련 부정 피드백
VOC00669,CUST0430,2024-05-28,앱,상품문의,중립,상품문의 관련 중립 피드백
VOC00670,CUST0299,2024-01-25,홈페이지,요금문의,중립,요금문의 관련 중립 피드백
VOC00671,CUST0080,2024-10-18,홈페이지,요금문의,중립,요금문의 관련 중립 피드백
VOC00672,CUST0219,2024-08-28,전화,기타,긍정,기타 관련 긍정 피드백
VOC00673,CUST0415,2024-08-04,매장,결제오류,부정,결제오류 관련 부정 피드백
VOC00674,CUST0007,2024-05-24,전화,요금문의,긍정,요금문의 관련 긍정 피드백
VOC00675,CUST0386,2024-04-20,앱,결제오류,중립,결제오류 관련 중립 피드백
VOC00676,CUST0393,2024-11-05,전화,기타,부정,기타 관련 부정 피드백
VOC00677,CUST0123,2024-04-04,앱,요금문의,중립,요금문의 관련 중립 피드백
VOC00678,CUST0429,2024-01-02,전화,결제오류,긍정,결제오류 관련 긍정 피드백
VOC00679,CUST0300,2024-12-07,전화,결제오류,부정,결제오류 관련 부정 피드백
VOC00680,CUST0411,2024-01-30,홈페이지,상품문의,부정,상품문의 관련 부정 피드백
VOC00681,CUST0176,2024-12-17,홈페이지,서비스불만,부정,서비스불만 관련 부정 피드백
VOC00682,CUST0498,2024-05-09,매장,요금문의,부정,요금문의 관련 부정 피드백
VOC00683,CUST0184,2024-05-20,전화,요금문의,부정,요금문의 관련 부정 피드백
VOC00684,CUST0417,2024-11-08,전화,기타,중립,기타 관련 중립 피드백
VOC00685,CUST0203,2024-10-21,전화,서비스불만,부정,서비스불만 관련 부정 피드백
VOC00686,CUST0281,2024-09-02,앱,서비스불만,부정,서비스불만 관련 부정 피드백
VOC00687,CUST0489,2024-12-13,앱,기타,부정,기타 관련 부정 피드백
VOC00688,CUST0498,2024-03-30,앱,서비스불만,부정,서비스불만 관련 부정 피드백
VOC00689,CUST0443,2024-03-06,앱,요금문의,부정,요금문의 관련 부정 피드백
VOC00690,CUST0061,2024-11-01,전화,서비스불만,부정,서비스불만 관련 부정 피드백
VOC00691,CUST0309,2024-10-02,전화,결제오류,부정,결제오류 관련 부정 피드백
VOC00692,CUST0304,2024-01-12,전화,서비스불만,중립,서비스불만 관련 중립 피드백
VOC00693,CUST0213,2024-04-25,전화,서비스불만,긍정,서비스불만 관련 긍정 피드백
VOC00694,CUST0436,2024-08-26,앱,상품문의,부정,상품문의 관련 부정 피드백
VOC00695,CUST0274,2024-09-03,홈페이지,상품문의,중립,상품문의 관련 중립 피드백
VOC00696,CUST0048,2024-01-25,앱,요금문의,부정,요금문의 관련 부정 피드백
VOC00697,CUST0398,2024-06-10,전화,서비스불만,부정,서비스불만 관련 부정 피드백
VOC00698,CUST0350,2024-01-22,앱,서비스불만,중립,서비스불만 관련 중립 피드백
VOC00699,CUST0321,2024-12-31,전화,서비스불만,부정,서비스불만 관련 부정 피드백
VOC00700,CUST0298,2024-03-12,전화,요금문의,부정,요금문의 관련 부정 피드백
VOC00701,CUST0061,2024-10-24,홈페이지,서비스불만,부정,서비스불만 관련 부정 피드백
VOC00702,CUST0415,2024-12-20,전화,결제오류,중립,결제오류 관련 중립 피드백
VOC00703,CUST0086,2024-09-01,전화,서비스불만,부정,서비스불만 관련 부정 피드백
VOC00704,CUST0163,2024-04-09,앱,상품문의,부정,상품문의 관련 부정 피드백
VOC00705,CUST0331,2024-04-22,앱,상품문의,부정,상품문의 관련 부정 피드백
VOC00706,CUST0442,2024-08-18,앱,상품문의,부정,상품문의 관련 부정 피드백
VOC00707,CUST0200,2024-09-28,전화,기타,긍정,기타 관련 긍정 피드백
VOC00708,CUST0235,2024-07-10,홈페이지,상품문의,중립,상품문의 관련 중립 피드백
VOC00709,CUST0398,2024-02-19,홈페이지,요금문의,부정,요금문의 관련 부정 피드백
VOC00710,CUST0076,2024-08-03,앱,결제오류,긍정,결제오류 관련 긍정 피드백
VOC00711,CUST0441,2024-06-22,앱,상품문의,부정,상품문의 관련 부정 피드백
VOC00712,CUST0363,2024-01-28,앱,요금문의,중립,요금문의 관련 중립 피드백
VOC00713,CUST0235,2024-01-11,매장,상품문의,중립,상품문의 관련 중립 피드백
VOC00714,CUST0356,2024-11-28,홈페이지,요금문의,부정,요금문의 관련 부정 피드백
VOC00715,CUST0396,2024-10-21,전화,결제오류,부정,결제오류 관련 부정 피드백
VOC00716,CUST0300,2024-05-26,앱,서비스불만,중립,서비스불만 관련 중립 피드백
VOC00717,CUST0423,2024-06-23,앱,기타,부정,기타 관련 부정 피드백
VOC00718,CUST0075,2024-03-11,홈페이지,서비스불만,중립,서비스불만 관련 중립 피드백
VOC00719,CUST0221,2024-05-12,홈페이지,상품문의,중립,상품문의 관련 중립 피드백
VOC00720,CUST0242,2024-07-22,앱,상품문의,중립,상품문의 관련 중립 피드백
VOC00721,CUST0267,2024-01-22,전화,서비스불만,긍정,서비스불만 관련 긍정 피드백
VOC00722,CUST0319,2024-08-12,홈페이지,서비스불만,중립,서비스불만 관련 중립 피드백
VOC00723,CUST0154,2024-11-22,전화,상품문의,부정,상품문의 관련 부정 피드백
VOC00724,CUST0442,2024-10-22,앱,결제오류,부정,결제오류 관련 부정 피드백
VOC00725,CUST0140,2024-05-19,전화,결제오류,부정,결제오류 관련 부정 피드백
VOC00726,CUST0221,2024-06-18,매장,요금문의,부정,요금문의 관련 부정 피드백
VOC00727,CUST0127,2024-11-18,전화,결제오류,중립,결제오류 관련 중립 피드백
VOC00728,CUST0430,2024-08-04,전화,상품문의,부정,상품문의 관련 부정 피드백
VOC00729,CUST0161,2024-07-11,앱,서비스불만,부정,서비스불만 관련 부정 피드백
VOC00730,CUST0387,2024-06-10,앱,서비스불만,부정,서비스불만 관련 부정 피드백
VOC00731,CUST0384,2024-07-25,앱,기타,중립,기타 관련 중립 피드백
VOC00732,CUST0191,2024-06-10,앱,요금문의,중립,요금문의 관련 중립 피드백
VOC00733,CUST0419,2024-09-21,홈페이지,상품문의,부정,상품문의 관련 부정 피드백
VOC00734,CUST0048,2024-03-06,앱,요금문의,부정,요금문의 관련 부정 피드백
VOC00735,CUST0349,2024-12-18,전화,요금문의,부정,요금문의 관련 부정 피드백
VOC00736,CUST0248,2024-12-20,앱,서비스불만,중립,서비스불만 관련 중립 피드백
VOC00737,CUST0048,2024-04-13,전화,결제오류,부정,결제오류 관련 부정 피드백
VOC00738,CUST0228,2024-01-31,홈페이지,요금문의,긍정,요금문의 관련 긍정 피드백
VOC00739,CUST0486,2024-07-08,전화,결제오류,중립,결제오류 관련 중립 피드백
VOC00740,CUST0211,2024-10-05,전화,결제오류,중립,결제오류 관련 중립 피드백
VOC00741,CUST0132,2024-09-24,앱,서비스불만,중립,서비스불만 관련 중립 피드백
VOC00742,CUST0366,2024-08-20,홈페이지,상품문의,부정,상품문의 관련 부정 피드백
VOC00743,CUST0219,2024-02-23,전화,서비스불만,긍정,서비스불만 관련 긍정 피드백
VOC00744,CUST0079,2024-11-15,전화,결제오류,부정,결제오류 관련 부정 피드백
VOC00745,CUST0441,2024-07-23,앱,요금문의,부정,요금문의 관련 부정 피드백
VOC00746,CUST0221,2024-09-30,앱,기타,중립,기타 관련 중립 피드백
VOC00747,CUST0416,2024-07-03,홈페이지,서비스불만,중립,서비스불만 관련 중립 피드백
VOC00748,CUST0265,2024-09-04,앱,기타,부정,기타 관련 부정 피드백
VOC00749,CUST0398,2024-02-10,매장,기타,중립,기타 관련 중립 피드백
VOC00750,CUST0297,2024-01-05,앱,요금문의,중립,요금문의 관련 중립 피드백
VOC00751,CUST0233,2024-04-24,앱,기타,부정,기타 관련 부정 피드백
VOC00752,CUST0281,2024-04-03,앱,요금문의,긍정,요금문의 관련 긍정 피드백
VOC00753,CUST0433,2024-05-03,앱,서비스불만,중립,서비스불만 관련 중립 피드백
VOC00754,CUST0109,2024-02-17,전화,서비스불만,긍정,서비스불만 관련 긍정 피드백
VOC00755,CUST0152,2024-10-13,홈페이지,서비스불만,부정,서비스불만 관련 부정 피드백
VOC00756,CUST0366,2024-01-10,전화,서비스불만,부정,서비스불만 관련 부정 피드백
VOC00757,CUST0061,2024-05-02,앱,기타,부정,기타 관련 부정 피드백
VOC00758,CUST0259,2024-11-26,앱,서비스불만,부정,서비스불만 관련 부정 피드백
VOC00759,CUST0153,2024-10-19,전화,요금문의,중립,요금문의 관련 중립 피드백
VOC00760,CUST0206,2024-01-14,매장,상품문의,긍정,상품문의 관련 긍정 피드백
VOC00761,CUST0011,2024-10-14,앱,기타,부정,기타 관련 부정 피드백
VOC00762,CUST0389,2024-04-20,전화,결제오류,부정,결제오류 관련 부정 피드백
VOC00763,CUST0256,2024-05-26,매장,요금문의,부정,요금문의 관련 부정 피드백
VOC00764,CUST0096,2024-08-04,전화,서비스불만,중립,서비스불만 관련 중립 피드백
VOC00765,CUST0194,2024-07-28,홈페이지,요금문의,부정,요금문의 관련 부정 피드백
VOC00766,CUST0300,2024-03-13,전화,요금문의,부정,요금문의 관련 부정 피드백
VOC00767,CUST0092,2024-03-01,앱,요금문의,부정,요금문의 관련 부정 피드백
VOC00768,CUST0109,2024-06-19,홈페이지,상품문의,중립,상품문의 관련 중립 피드백
VOC00769,CUST0333,2024-04-19,앱,결제오류,부정,결제오류 관련 부정 피드백
VOC00770,CUST0212,2024-01-10,매장,기타,부정,기타 관련 부정 피드백
VOC00771,CUST0109,2024-04-24,매장,서비스불만,중립,서비스불만 관련 중립 피드백
VOC00772,CUST0365,2024-09-11,전화,상품문의,긍정,상품문의 관련 긍정 피드백
VOC00773,CUST0274,2024-07-12,앱,요금문의,부정,요금문의 관련 부정 피드백
VOC00774,CUST0282,2024-01-03,앱,요금문의,긍정,요금문의 관련 긍정 피드백
VOC00775,CUST0089,2024-07-27,매장,서비스불만,부정,서비스불만 관련 부정 피드백
VOC00776,CUST0089,2024-12-15,전화,상품문의,중립,상품문의 관련 중립 피드백
VOC00777,CUST0416,2024-06-30,홈페이지,요금문의,중립,요금문의 관련 중립 피드백
VOC00778,CUST0305,2024-04-07,앱,요금문의,긍정,요금문의 관련 긍정 피드백
VOC00779,CUST0426,2024-09-05,앱,요금문의,부정,요금문의 관련 부정 피드백
VOC00780,CUST0425,2024-10-18,앱,요금문의,부정,요금문의 관련 부정 피드백
VOC00781,CUST0211,2024-09-23,전화,상품문의,부정,상품문의 관련 부정 피드백
VOC00782,CUST0001,2024-05-02,전화,상품문의,중립,상품문의 관련 중립 피드백
VOC00783,CUST0344,2024-07-22,전화,요금문의,중립,요금문의 관련 중립 피드백
VOC00784,CUST0017,2024-12-04,앱,요금문의,중립,요금문의 관련 중립 피드백
VOC00785,CUST0067,2024-11-02,전화,서비스불만,중립,서비스불만 관련 중립 피드백
VOC00786,CUST0039,2024-01-11,전화,요금문의,부정,요금문의 관련 부정 피드백
VOC00787,CUST0254,2024-08-02,홈페이지,결제오류,긍정,결제오류 관련 긍정 피드백
VOC00788,CUST0248,2024-10-24,홈페이지,서비스불만,긍정,서비스불만 관련 긍정 피드백
VOC00789,CUST0467,2024-01-18,매장,상품문의,부정,상품문의 관련 부정 피드백
VOC00790,CUST0023,2024-03-10,전화,상품문의,중립,상품문의 관련 중립 피드백
VOC00791,CUST0408,2024-10-27,홈페이지,서비스불만,중립,서비스불만 관련 중립 피드백
VOC00792,CUST0336,2024-02-29,전화,요금문의,부정,요금문의 관련 부정 피드백
VOC00793,CUST0106,2024-03-13,전화,서비스불만,부정,서비스불만 관련 부정 피드백
VOC00794,CUST0136,2024-09-16,전화,결제오류,부정,결제오류 관련 부정 피드백
VOC00795,CUST0469,2024-05-15,전화,상품문의,중립,상품문의 관련 중립 피드백
VOC00796,CUST0398,2024-05-14,홈페이지,상품문의,부정,상품문의 관련 부정 피드백
VOC00797,CUST0229,2024-06-19,전화,서비스불만,중립,서비스불만 관련 중립 피드백
VOC00798,CUST0109,2024-08-05,홈페이지,서비스불만,긍정,서비스불만 관련 긍정 피드백
VOC00799,CUST0145,2024-10-22,앱,요금문의,중립,요금문의 관련 중립 피드백
VOC00800,CUST0258,2024-07-14,홈페이지,기타,중립,기타 관련 중립 피드백
VOC00801,CUST0191,2024-04-16,앱,서비스불만,중립,서비스불만 관련 중립 피드백
VOC00802,CUST0055,2024-08-04,앱,요금문의,부정,요금문의 관련 부정 피드백
VOC00803,CUST0413,2024-01-03,매장,결제오류,부정,결제오류 관련 부정 피드백
VOC00804,CUST0344,2024-08-13,홈페이지,기타,중립,기타 관련 중립 피드백
VOC00805,CUST0195,2024-09-26,홈페이지,상품문의,중립,상품문의 관련 중립 피드백
VOC00806,CUST0232,2024-04-08,앱,서비스불만,중립,서비스불만 관련 중립 피드백
VOC00807,CUST0331,2024-08-31,전화,서비스불만,중립,서비스불만 관련 중립 피드백
VOC00808,CUST0244,2024-09-08,앱,서비스불만,부정,서비스불만 관련 부정 피드백
VOC00809,CUST0055,2024-08-23,앱,서비스불만,부정,서비스불만 관련 부정 피드백
VOC00810,CUST0097,2024-09-13,매장,서비스불만,중립,서비스불만 관련 중립 피드백
VOC00811,CUST0489,2024-03-12,앱,상품문의,부정,상품문의 관련 부정 피드백
VOC00812,CUST0370,2024-08-08,전화,결제오류,중립,결제오류 관련 중립 피드백
VOC00813,CUST0109,2024-02-04,전화,상품문의,부정,상품문의 관련 부정 피드백
VOC00814,CUST0103,2024-05-15,홈페이지,상품문의,긍정,상품문의 관련 긍정 피드백
VOC00815,CUST0398,2024-08-30,앱,상품문의,중립,상품문의 관련 중립 피드백
VOC00816,CUST0152,2024-07-31,홈페이지,결제오류,중립,결제오류 관련 중립 피드백
VOC00817,CUST0336,2024-07-14,앱,서비스불만,중립,서비스불만 관련 중립 피드백
VOC00818,CUST0109,2024-12-31,앱,기타,중립,기타 관련 중립 피드백
VOC00819,CUST0063,2024-10-18,매장,결제오류,중립,결제오류 관련 중립 피드백
VOC00820,CUST0313,2024-10-01,전화,요금문의,부정,요금문의 관련 부정 피드백
VOC00821,CUST0369,2024-06-15,전화,서비스불만,부정,서비스불만 관련 부정 피드백
VOC00822,CUST0068,2024-09-26,전화,상품문의,부정,상품문의 관련 부정 피드백
VOC00823,CUST0162,2024-10-14,전화,기타,긍정,기타 관련 긍정 피드백
VOC00824,CUST0497,2024-11-24,앱,기타,긍정,기타 관련 긍정 피드백
VOC00825,CUST0301,2024-03-12,앱,상품문의,부정,상품문의 관련 부정 피드백
VOC00826,CUST0269,2024-07-29,전화,요금문의,부정,요금문의 관련 부정 피드백
VOC00827,CUST0189,2024-09-27,전화,서비스불만,긍정,서비스불만 관련 긍정 피드백
VOC00828,CUST0391,2024-04-27,앱,서비스불만,부정,서비스불만 관련 부정 피드백
VOC00829,CUST0270,2024-03-16,홈페이지,요금문의,부정,요금문의 관련 부정 피드백
VOC00830,CUST0442,2024-05-30,홈페이지,요금문의,중립,요금문의 관련 중립 피드백
VOC00831,CUST0156,2024-05-27,앱,서비스불만,중립,서비스불만 관련 중립 피드백
VOC00832,CUST0207,2024-06-20,홈페이지,결제오류,부정,결제오류 관련 부정 피드백
VOC00833,CUST0397,2024-11-23,전화,상품문의,부정,상품문의 관련 부정 피드백
VOC00834,CUST0018,2024-03-13,전화,결제오류,중립,결제오류 관련 중립 피드백
VOC00835,CUST0338,2024-01-30,홈페이지,요금문의,부정,요금문의 관련 부정 피드백
VOC00836,CUST0189,2024-10-22,앱,요금문의,부정,요금문의 관련 부정 피드백
VOC00837,CUST0144,2024-11-16,전화,상품문의,긍정,상품문의 관련 긍정 피드백
VOC00838,CUST0356,2024-10-06,매장,상품문의,긍정,상품문의 관련 긍정 피드백
VOC00839,CUST0313,2024-08-14,전화,서비스불만,중립,서비스불만 관련 중립 피드백
VOC00840,CUST0439,2024-08-27,매장,서비스불만,부정,서비스불만 관련 부정 피드백
VOC00841,CUST0156,2024-12-23,홈페이지,결제오류,부정,결제오류 관련 부정 피드백
VOC00842,CUST0202,2024-07-16,전화,요금문의,중립,요금문의 관련 중립 피드백
VOC00843,CUST0492,2024-04-07,매장,상품문의,부정,상품문의 관련 부정 피드백
VOC00844,CUST0058,2024-01-11,전화,서비스불만,긍정,서비스불만 관련 긍정 피드백
VOC00845,CUST0189,2024-02-01,전화,서비스불만,중립,서비스불만 관련 중립 피드백
VOC00846,CUST0159,2024-08-10,매장,서비스불만,긍정,서비스불만 관련 긍정 피드백
VOC00847,CUST0188,2024-10-29,전화,상품문의,부정,상품문의 관련 부정 피드백
VOC00848,CUST0278,2024-04-21,홈페이지,요금문의,부정,요금문의 관련 부정 피드백
VOC00849,CUST0227,2024-06-07,홈페이지,요금문의,부정,요금문의 관련 부정 피드백
VOC00850,CUST0436,2024-12-12,앱,상품문의,긍정,상품문의 관련 긍정 피드백
VOC00851,CUST0386,2024-08-05,전화,상품문의,중립,상품문의 관련 중립 피드백
VOC00852,CUST0180,2024-12-22,앱,서비스불만,부정,서비스불만 관련 부정 피드백
VOC00853,CUST0308,2024-12-30,전화,기타,부정,기타 관련 부정 피드백
VOC00854,CUST0144,2024-04-14,앱,상품문의,부정,상품문의 관련 부정 피드백
VOC00855,CUST0173,2024-11-11,매장,결제오류,중립,결제오류 관련 중립 피드백
VOC00856,CUST0488,2024-02-11,매장,상품문의,부정,상품문의 관련 부정 피드백
VOC00857,CUST0164,2024-12-29,앱,서비스불만,부정,서비스불만 관련 부정 피드백
VOC00858,CUST0110,2024-03-31,앱,결제오류,중립,결제오류 관련 중립 피드백
VOC00859,CUST0001,2024-01-07,앱,상품문의,부정,상품문의 관련 부정 피드백
VOC00860,CUST0245,2024-06-06,홈페이지,요금문의,중립,요금문의 관련 중립 피드백
VOC00861,CUST0152,2024-04-24,전화,서비스불만,중립,서비스불만 관련 중립 피드백
VOC00862,CUST0194,2024-01-08,전화,요금문의,긍정,요금문의 관련 긍정 피드백
VOC00863,CUST0420,2024-04-10,전화,요금문의,부정,요금문의 관련 부정 피드백
VOC00864,CUST0027,2024-10-19,앱,서비스불만,중립,서비스불만 관련 중립 피드백
VOC00865,CUST0305,2024-07-22,전화,상품문의,부정,상품문의 관련 부정 피드백
VOC00866,CUST0476,2024-08-23,앱,상품문의,중립,상품문의 관련 중립 피드백
VOC00867,CUST0500,2024-05-17,앱,기타,부정,기타 관련 부정 피드백
VOC00868,CUST0275,2024-01-22,앱,기타,긍정,기타 관련 긍정 피드백
VOC00869,CUST0007,2024-09-06,매장,요금문의,중립,요금문의 관련 중립 피드백
VOC00870,CUST0155,2024-05-19,전화,요금문의,부정,요금문의 관련 부정 피드백
VOC00871,CUST0406,2024-01-29,앱,서비스불만,부정,서비스불만 관련 부정 피드백
VOC00872,CUST0173,2024-10-27,매장,결제오류,부정,결제오류 관련 부정 피드백
VOC00873,CUST0476,2024-05-15,전화,상품문의,긍정,상품문의 관련 긍정 피드백
VOC00874,CUST0094,2024-03-20,앱,기타,긍정,기타 관련 긍정 피드백
VOC00875,CUST0119,2024-03-06,앱,서비스불만,긍정,서비스불만 관련 긍정 피드백
VOC00876,CUST0007,2024-08-23,매장,서비스불만,부정,서비스불만 관련 부정 피드백
VOC00877,CUST0356,2024-12-12,매장,서비스불만,부정,서비스불만 관련 부정 피드백
VOC00878,CUST0454,2024-11-02,앱,요금문의,중립,요금문의 관련 중립 피드백
VOC00879,CUST0494,2024-08-06,매장,결제오류,부정,결제오류 관련 부정 피드백
VOC00880,CUST0054,2024-06-19,전화,서비스불만,부정,서비스불만 관련 부정 피드백
VOC00881,CUST0026,2024-08-01,홈페이지,서비스불만,긍정,서비스불만 관련 긍정 피드백
VOC00882,CUST0222,2024-02-29,홈페이지,상품문의,중립,상품문의 관련 중립 피드백
VOC00883,CUST0319,2024-10-25,앱,서비스불만,중립,서비스불만 관련 중립 피드백
VOC00884,CUST0157,2024-03-04,매장,요금문의,부정,요금문의 관련 부정 피드백
VOC00885,CUST0435,2024-06-04,전화,요금문의,부정,요금문의 관련 부정 피드백
VOC00886,CUST0109,2024-09-13,전화,기타,중립,기타 관련 중립 피드백
VOC00887,CUST0145,2024-03-23,전화,결제오류,부정,결제오류 관련 부정 피드백
VOC00888,CUST0144,2024-11-30,전화,결제오류,부정,결제오류 관련 부정 피드백
VOC00889,CUST0436,2024-09-27,홈페이지,기타,긍정,기타 관련 긍정 피드백
VOC00890,CUST0298,2024-03-16,홈페이지,요금문의,부정,요금문의 관련 부정 피드백
VOC00891,CUST0068,2024-07-07,앱,요금문의,부정,요금문의 관련 부정 피드백
VOC00892,CUST0365,2024-03-22,앱,요금문의,긍정,요금문의 관련 긍정 피드백
VOC00893,CUST0189,2024-04-18,매장,결제오류,부정,결제오류 관련 부정 피드백
VOC00894,CUST0068,2024-04-16,매장,요금문의,부정,요금문의 관련 부정 피드백
VOC00895,CUST0305,2024-01-11,앱,기타,중립,기타 관련 중립 피드백
VOC00896,CUST0207,2024-09-16,매장,요금문의,부정,요금문의 관련 부정 피드백
VOC00897,CUST0143,2024-10-24,앱,결제오류,부정,결제오류 관련 부정 피드백
VOC00898,CUST0465,2024-08-30,앱,결제오류,중립,결제오류 관련 중립 피드백
VOC00899,CUST0405,2024-04-19,앱,기타,부정,기타 관련 부정 피드백
VOC00900,CUST0255,2024-04-28,앱,상품문의,부정,상품문의 관련 부정 피드백
VOC00901,CUST0400,2024-09-29,매장,기타,부정,기타 관련 부정 피드백
VOC00902,CUST0475,2024-01-08,앱,상품문의,부정,상품문의 관련 부정 피드백
VOC00903,CUST0405,2024-04-09,앱,상품문의,부정,상품문의 관련 부정 피드백
VOC00904,CUST0497,2024-03-03,홈페이지,서비스불만,중립,서비스불만 관련 중립 피드백
VOC00905,CUST0187,2024-05-01,전화,서비스불만,중립,서비스불만 관련 중립 피드백
VOC00906,CUST0405,2024-01-21,앱,서비스불만,부정,서비스불만 관련 부정 피드백
VOC00907,CUST0169,2024-01-05,앱,결제오류,중립,결제오류 관련 중립 피드백
VOC00908,CUST0171,2024-04-14,전화,기타,중립,기타 관련 중립 피드백
VOC00909,CUST0140,2024-08-02,전화,서비스불만,중립,서비스불만 관련 중립 피드백
VOC00910,CUST0349,2024-11-25,전화,요금문의,부정,요금문의 관련 부정 피드백
VOC00911,CUST0145,2024-07-08,전화,요금문의,긍정,요금문의 관련 긍정 피드백
VOC00912,CUST0405,2024-10-03,전화,기타,부정,기타 관련 부정 피드백
VOC00913,CUST0162,2024-03-18,앱,요금문의,부정,요금문의 관련 부정 피드백
VOC00914,CUST0349,2024-06-21,전화,요금문의,부정,요금문의 관련 부정 피드백
VOC00915,CUST0058,2024-11-19,홈페이지,서비스불만,부정,서비스불만 관련 부정 피드백
VOC00916,CUST0317,2024-07-14,전화,요금문의,중립,요금문의 관련 중립 피드백
VOC00917,CUST0062,2024-11-20,전화,요금문의,부정,요금문의 관련 부정 피드백
VOC00918,CUST0054,2024-11-19,전화,기타,부정,기타 관련 부정 피드백
VOC00919,CUST0089,2024-05-24,전화,요금문의,부정,요금문의 관련 부정 피드백
VOC00920,CUST0282,2024-04-18,앱,서비스불만,부정,서비스불만 관련 부정 피드백
VOC00921,CUST0069,2024-05-15,앱,요금문의,중립,요금문의 관련 중립 피드백
VOC00922,CUST0467,2024-09-27,홈페이지,결제오류,중립,결제오류 관련 중립 피드백
VOC00923,CUST0428,2024-11-03,매장,기타,중립,기타 관련 중립 피드백
VOC00924,CUST0402,2024-10-01,홈페이지,서비스불만,중립,서비스불만 관련 중립 피드백
VOC00925,CUST0298,2024-08-24,전화,서비스불만,부정,서비스불만 관련 부정 피드백
VOC00926,CUST0439,2024-04-10,전화,결제오류,중립,결제오류 관련 중립 피드백
VOC00927,CUST0498,2024-07-23,앱,결제오류,부정,결제오류 관련 부정 피드백
VOC00928,CUST0254,2024-04-29,전화,결제오류,중립,결제오류 관련 중립 피드백
VOC00929,CUST0426,2024-10-30,앱,서비스불만,부정,서비스불만 관련 부정 피드백
VOC00930,CUST0247,2024-09-14,앱,요금문의,중립,요금문의 관련 중립 피드백
VOC00931,CUST0495,2024-01-11,앱,상품문의,부정,상품문의 관련 부정 피드백
VOC00932,CUST0391,2024-05-24,홈페이지,서비스불만,긍정,서비스불만 관련 긍정 피드백
VOC00933,CUST0309,2024-11-17,앱,요금문의,중립,요금문의 관련 중립 피드백
VOC00934,CUST0486,2024-01-22,앱,결제오류,중립,결제오류 관련 중립 피드백
VOC00935,CUST0476,2024-08-06,홈페이지,기타,긍정,기타 관련 긍정 피드백
VOC00936,CUST0381,2024-05-13,전화,결제오류,부정,결제오류 관련 부정 피드백
VOC00937,CUST0278,2024-03-18,앱,상품문의,중립,상품문의 관련 중립 피드백
VOC00938,CUST0341,2024-07-04,전화,결제오류,부정,결제오류 관련 부정 피드백
VOC00939,CUST0118,2024-06-27,전화,결제오류,부정,결제오류 관련 부정 피드백
VOC00940,CUST0101,2024-09-10,앱,서비스불만,부정,서비스불만 관련 부정 피드백
VOC00941,CUST0042,2024-03-12,매장,상품문의,중립,상품문의 관련 중립 피드백
VOC00942,CUST0411,2024-04-10,전화,요금문의,부정,요금문의 관련 부정 피드백
VOC00943,CUST0188,2024-10-16,홈페이지,서비스불만,부정,서비스불만 관련 부정 피드백
VOC00944,CUST0218,2024-09-11,홈페이지,결제오류,부정,결제오류 관련 부정 피드백
VOC00945,CUST0334,2024-05-19,앱,요금문의,부정,요금문의 관련 부정 피드백
VOC00946,CUST0018,2024-09-02,전화,서비스불만,부정,서비스불만 관련 부정 피드백
VOC00947,CUST0058,2024-04-13,전화,서비스불만,긍정,서비스불만 관련 긍정 피드백
VOC00948,CUST0471,2024-09-30,전화,상품문의,부정,상품문의 관련 부정 피드백
VOC00949,CUST0308,2024-01-09,앱,요금문의,중립,요금문의 관련 중립 피드백
VOC00950,CUST0024,2024-12-27,전화,결제오류,부정,결제오류 관련 부정 피드백
VOC00951,CUST0280,2024-03-22,홈페이지,서비스불만,부정,서비스불만 관련 부정 피드백
VOC00952,CUST0305,2024-05-21,전화,결제오류,긍정,결제오류 관련 긍정 피드백
VOC00953,CUST0124,2024-05-21,앱,서비스불만,부정,서비스불만 관련 부정 피드백
VOC00954,CUST0397,2024-06-21,홈페이지,결제오류,중립,결제오류 관련 중립 피드백
VOC00955,CUST0397,2024-02-04,전화,서비스불만,중립,서비스불만 관련 중립 피드백
VOC00956,CUST0255,2024-01-07,매장,요금문의,부정,요금문의 관련 부정 피드백
VOC00957,CUST0498,2024-10-19,앱,상품문의,중립,상품문의 관련 중립 피드백
VOC00958,CUST0180,2024-08-15,매장,결제오류,중립,결제오류 관련 중립 피드백
VOC00959,CUST0269,2024-08-30,매장,상품문의,부정,상품문의 관련 부정 피드백
VOC00960,CUST0040,2024-01-11,앱,서비스불만,중립,서비스불만 관련 중립 피드백
VOC00961,CUST0085,2024-07-19,전화,서비스불만,부정,서비스불만 관련 부정 피드백
VOC00962,CUST0045,2024-09-30,매장,서비스불만,중립,서비스불만 관련 중립 피드백
VOC00963,CUST0317,2024-03-02,홈페이지,서비스불만,중립,서비스불만 관련 중립 피드백
VOC00964,CUST0307,2024-09-02,매장,서비스불만,긍정,서비스불만 관련 긍정 피드백
VOC00965,CUST0275,2024-08-09,앱,결제오류,중립,결제오류 관련 중립 피드백
VOC00966,CUST0337,2024-01-11,앱,상품문의,긍정,상품문의 관련 긍정 피드백
VOC00967,CUST0050,2024-06-07,매장,상품문의,부정,상품문의 관련 부정 피드백
VOC00968,CUST0005,2024-08-08,홈페이지,요금문의,부정,요금문의 관련 부정 피드백
VOC00969,CUST0050,2024-12-22,전화,요금문의,부정,요금문의 관련 부정 피드백
VOC00970,CUST0307,2024-04-30,앱,결제오류,긍정,결제오류 관련 긍정 피드백
VOC00971,CUST0211,2024-11-28,앱,서비스불만,중립,서비스불만 관련 중립 피드백
VOC00972,CUST0433,2024-05-25,홈페이지,기타,중립,기타 관련 중립 피드백
VOC00973,CUST0354,2024-04-15,전화,요금문의,긍정,요금문의 관련 긍정 피드백
VOC00974,CUST0164,2024-10-05,매장,서비스불만,부정,서비스불만 관련 부정 피드백
VOC00975,CUST0200,2024-12-17,매장,결제오류,부정,결제오류 관련 부정 피드백
VOC00976,CUST0196,2024-10-07,전화,서비스불만,중립,서비스불만 관련 중립 피드백
VOC00977,CUST0177,2024-12-18,전화,상품문의,부정,상품문의 관련 부정 피드백
VOC00978,CUST0109,2024-07-17,앱,상품문의,긍정,상품문의 관련 긍정 피드백
VOC00979,CUST0266,2024-10-09,전화,서비스불만,긍정,서비스불만 관련 긍정 피드백
VOC00980,CUST0111,2024-03-04,홈페이지,결제오류,긍정,결제오류 관련 긍정 피드백
VOC00981,CUST0344,2024-01-20,전화,서비스불만,부정,서비스불만 관련 부정 피드백
VOC00982,CUST0007,2024-09-04,앱,기타,중립,기타 관련 중립 피드백
VOC00983,CUST0485,2024-12-15,전화,결제오류,중립,결제오류 관련 중립 피드백
VOC00984,CUST0325,2024-03-03,홈페이지,서비스불만,중립,서비스불만 관련 중립 피드백
VOC00985,CUST0175,2024-03-03,앱,기타,중립,기타 관련 중립 피드백
VOC00986,CUST0173,2024-02-01,앱,서비스불만,긍정,서비스불만 관련 긍정 피드백
VOC00987,CUST0492,2024-05-15,전화,결제오류,부정,결제오류 관련 부정 피드백
VOC00988,CUST0483,2024-03-15,매장,상품문의,중립,상품문의 관련 중립 피드백
VOC00989,CUST0396,2024-11-22,앱,요금문의,중립,요금문의 관련 중립 피드백
VOC00990,CUST0038,2024-01-20,홈페이지,상품문의,긍정,상품문의 관련 긍정 피드백
VOC00991,CUST0069,2024-05-25,전화,요금문의,부정,요금문의 관련 부정 피드백
VOC00992,CUST0061,2024-03-21,앱,상품문의,부정,상품문의 관련 부정 피드백
VOC00993,CUST0177,2024-07-14,홈페이지,결제오류,부정,결제오류 관련 부정 피드백
VOC00994,CUST0018,2024-03-28,전화,결제오류,부정,결제오류 관련 부정 피드백
VOC00995,CUST0317,2024-07-05,전화,상품문의,부정,상품문의 관련 부정 피드백
VOC00996,CUST0413,2024-11-22,앱,요금문의,중립,요금문의 관련 중립 피드백
VOC00997,CUST0208,2024-06-08,전화,서비스불만,부정,서비스불만 관련 부정 피드백
VOC00998,CUST0192,2024-07-02,앱,결제오류,부정,결제오류 관련 부정 피드백
VOC00999,CUST0143,2024-07-06,앱,서비스불만,긍정,서비스불만 관련 긍정 피드백
VOC01000,CUST0066,2024-09-05,매장,요금문의,중립,요금문의 관련 중립 피드백
VOC01001,CUST0342,2024-03-31,전화,요금문의,부정,요금문의 관련 부정 피드백
VOC01002,CUST0170,2024-03-17,전화,요금문의,부정,요금문의 관련 부정 피드백
VOC01003,CUST0177,2024-09-15,앱,결제오류,부정,결제오류 관련 부정 피드백
VOC01004,CUST0061,2024-07-12,앱,결제오류,중립,결제오류 관련 중립 피드백
VOC01005,CUST0109,2024-08-19,전화,서비스불만,중립,서비스불만 관련 중립 피드백
VOC01006,CUST0440,2024-02-16,앱,요금문의,중립,요금문의 관련 중립 피드백
VOC01007,CUST0426,2024-09-14,전화,결제오류,부정,결제오류 관련 부정 피드백
VOC01008,CUST0075,2024-09-12,앱,서비스불만,중립,서비스불만 관련 중립 피드백
VOC01009,CUST0203,2024-07-01,앱,서비스불만,부정,서비스불만 관련 부정 피드백
VOC01010,CUST0426,2024-04-04,전화,기타,부정,기타 관련 부정 피드백
VOC01011,CUST0079,2024-06-10,앱,기타,긍정,기타 관련 긍정 피드백
VOC01012,CUST0185,2024-01-10,홈페이지,기타,부정,기타 관련 부정 피드백
VOC01013,CUST0388,2024-07-09,앱,요금문의,중립,요금문의 관련 중립 피드백
VOC01014,CUST0461,2024-08-06,앱,요금문의,부정,요금문의 관련 부정 피드백
VOC01015,CUST0492,2024-08-18,앱,요금문의,부정,요금문의 관련 부정 피드백
VOC01016,CUST0106,2024-08-18,앱,요금문의,중립,요금문의 관련 중립 피드백
VOC01017,CUST0181,2024-04-21,앱,요금문의,중립,요금문의 관련 중립 피드백
VOC01018,CUST0416,2024-11-13,앱,상품문의,긍정,상품문의 관련 긍정 피드백
VOC01019,CUST0342,2024-09-17,전화,요금문의,중립,요금문의 관련 중립 피드백
VOC01020,CUST0360,2024-04-02,앱,요금문의,긍정,요금문의 관련 긍정 피드백
VOC01021,CUST0054,2024-06-20,매장,상품문의,중립,상품문의 관련 중립 피드백
VOC01022,CUST0054,2024-01-28,앱,상품문의,부정,상품문의 관련 부정 피드백
VOC01023,CUST0026,2024-01-15,전화,기타,중립,기타 관련 중립 피드백
VOC01024,CUST0195,2024-01-12,홈페이지,기타,중립,기타 관련 중립 피드백
VOC01025,CUST0089,2024-04-17,매장,상품문의,부정,상품문의 관련 부정 피드백
VOC01026,CUST0230,2024-11-02,전화,상품문의,중립,상품문의 관련 중립 피드백
VOC01027,CUST0201,2024-11-18,앱,요금문의,부정,요금문의 관련 부정 피드백
VOC01028,CUST0367,2024-09-24,전화,요금문의,부정,요금문의 관련 부정 피드백
VOC01029,CUST0462,2024-10-03,전화,결제오류,부정,결제오류 관련 부정 피드백
VOC01030,CUST0386,2024-08-19,앱,서비스불만,중립,서비스불만 관련 중립 피드백
VOC01031,CUST0390,2024-12-20,전화,상품문의,긍정,상품문의 관련 긍정 피드백
VOC01032,CUST0408,2024-06-15,전화,요금문의,중립,요금문의 관련 중립 피드백
VOC01033,CUST0219,2024-06-27,전화,서비스불만,부정,서비스불만 관련 부정 피드백
VOC01034,CUST0495,2024-02-06,전화,상품문의,중립,상품문의 관련 중립 피드백
VOC01035,CUST0160,2024-05-19,전화,상품문의,부정,상품문의 관련 부정 피드백
VOC01036,CUST0145,2024-02-06,전화,상품문의,긍정,상품문의 관련 긍정 피드백
VOC01037,CUST0164,2024-03-02,전화,상품문의,부정,상품문의 관련 부정 피드백
VOC01038,CUST0171,2024-08-08,전화,결제오류,부정,결제오류 관련 부정 피드백
VOC01039,CUST0464,2024-09-20,앱,요금문의,부정,요금문의 관련 부정 피드백
VOC01040,CUST0385,2024-07-31,매장,요금문의,부정,요금문의 관련 부정 피드백
VOC01041,CUST0473,2024-10-13,홈페이지,서비스불만,중립,서비스불만 관련 중립 피드백
VOC01042,CUST0343,2024-09-05,앱,요금문의,중립,요금문의 관련 중립 피드백
VOC01043,CUST0067,2024-01-01,홈페이지,결제오류,부정,결제오류 관련 부정 피드백
VOC01044,CUST0164,2024-12-28,전화,서비스불만,중립,서비스불만 관련 중립 피드백
VOC01045,CUST0160,2024-08-22,전화,상품문의,중립,상품문의 관련 중립 피드백
VOC01046,CUST0375,2024-08-09,전화,서비스불만,긍정,서비스불만 관련 긍정 피드백
VOC01047,CUST0491,2024-07-11,전화,요금문의,긍정,요금문의 관련 긍정 피드백
VOC01048,CUST0460,2024-10-17,앱,상품문의,중립,상품문의 관련 중립 피드백
VOC01049,CUST0402,2024-04-11,앱,상품문의,중립,상품문의 관련 중립 피드백
VOC01050,CUST0281,2024-12-11,전화,기타,중립,기타 관련 중립 피드백
VOC01051,CUST0144,2024-08-26,앱,요금문의,부정,요금문의 관련 부정 피드백
VOC01052,CUST0178,2024-06-14,전화,요금문의,부정,요금문의 관련 부정 피드백
VOC01053,CUST0230,2024-02-19,전화,기타,중립,기타 관련 중립 피드백
VOC01054,CUST0040,2024-04-14,전화,기타,긍정,기타 관련 긍정 피드백
VOC01055,CUST0154,2024-11-07,전화,결제오류,중립,결제오류 관련 중립 피드백
VOC01056,CUST0207,2024-02-27,전화,결제오류,중립,결제오류 관련 중립 피드백
VOC01057,CUST0166,2024-05-24,전화,서비스불만,부정,서비스불만 관련 부정 피드백
VOC01058,CUST0190,2024-04-26,앱,요금문의,중립,요금문의 관련 중립 피드백
VOC01059,CUST0160,2024-02-19,홈페이지,요금문의,부정,요금문의 관련 부정 피드백
VOC01060,CUST0243,2024-10-27,매장,결제오류,부정,결제오류 관련 부정 피드백
VOC01061,CUST0373,2024-02-09,매장,상품문의,부정,상품문의 관련 부정 피드백
VOC01062,CUST0185,2024-12-26,매장,요금문의,부정,요금문의 관련 부정 피드백
VOC01063,CUST0220,2024-08-28,전화,서비스불만,부정,서비스불만 관련 부정 피드백
VOC01064,CUST0053,2024-02-27,매장,서비스불만,부정,서비스불만 관련 부정 피드백
VOC01065,CUST0034,2024-04-14,전화,기타,중립,기타 관련 중립 피드백
VOC01066,CUST0321,2024-08-27,앱,상품문의,긍정,상품문의 관련 긍정 피드백
VOC01067,CUST0409,2024-06-09,전화,요금문의,부정,요금문의 관련 부정 피드백
VOC01068,CUST0307,2024-06-12,홈페이지,기타,부정,기타 관련 부정 피드백
VOC01069,CUST0132,2024-09-02,홈페이지,서비스불만,부정,서비스불만 관련 부정 피드백
VOC01070,CUST0265,2024-04-19,매장,상품문의,긍정,상품문의 관련 긍정 피드백
VOC01071,CUST0179,2024-02-15,홈페이지,결제오류,부정,결제오류 관련 부정 피드백
VOC01072,CUST0061,2024-10-04,홈페이지,서비스불만,부정,서비스불만 관련 부정 피드백
VOC01073,CUST0196,2024-11-29,매장,기타,중립,기타 관련 중립 피드백
VOC01074,CUST0061,2024-01-01,앱,요금문의,부정,요금문의 관련 부정 피드백
VOC01075,CUST0188,2024-01-19,홈페이지,상품문의,부정,상품문의 관련 부정 피드백
VOC01076,CUST0452,2024-02-29,앱,요금문의,중립,요금문의 관련 중립 피드백
VOC01077,CUST0309,2024-05-31,앱,서비스불만,부정,서비스불만 관련 부정 피드백
VOC01078,CUST0007,2024-11-10,앱,요금문의,중립,요금문의 관련 중립 피드백
VOC01079,CUST0410,2024-03-07,앱,요금문의,중립,요금문의 관련 중립 피드백
VOC01080,CUST0318,2024-11-19,홈페이지,결제오류,부정,결제오류 관련 부정 피드백
VOC01081,CUST0487,2024-04-07,홈페이지,요금문의,중립,요금문의 관련 중립 피드백
VOC01082,CUST0416,2024-06-09,앱,요금문의,중립,요금문의 관련 중립 피드백
VOC01083,CUST0036,2024-08-29,홈페이지,상품문의,긍정,상품문의 관련 긍정 피드백
VOC01084,CUST0317,2024-02-13,매장,결제오류,부정,결제오류 관련 부정 피드백
VOC01085,CUST0266,2024-07-03,앱,서비스불만,중립,서비스불만 관련 중립 피드백
VOC01086,CUST0419,2024-06-06,매장,요금문의,중립,요금문의 관련 중립 피드백
VOC01087,CUST0287,2024-01-31,전화,서비스불만,중립,서비스불만 관련 중립 피드백
VOC01088,CUST0436,2024-07-19,홈페이지,결제오류,부정,결제오류 관련 부정 피드백
VOC01089,CUST0489,2024-07-25,앱,상품문의,부정,상품문의 관련 부정 피드백
VOC01090,CUST0379,2024-04-17,매장,서비스불만,중립,서비스불만 관련 중립 피드백
VOC01091,CUST0235,2024-12-09,전화,서비스불만,중립,서비스불만 관련 중립 피드백
VOC01092,CUST0259,2024-08-14,홈페이지,요금문의,긍정,요금문의 관련 긍정 피드백
VOC01093,CUST0173,2024-03-19,앱,상품문의,긍정,상품문의 관련 긍정 피드백
VOC01094,CUST0120,2024-12-06,매장,결제오류,긍정,결제오류 관련 긍정 피드백
VOC01095,CUST0325,2024-06-18,매장,서비스불만,부정,서비스불만 관련 부정 피드백
VOC01096,CUST0306,2024-02-17,매장,서비스불만,중립,서비스불만 관련 중립 피드백
VOC01097,CUST0248,2024-01-28,전화,요금문의,긍정,요금문의 관련 긍정 피드백
VOC01098,CUST0192,2024-06-15,매장,기타,부정,기타 관련 부정 피드백
VOC01099,CUST0436,2024-09-10,앱,상품문의,부정,상품문의 관련 부정 피드백
VOC01100,CUST0068,2024-07-09,전화,요금문의,중립,요금문의 관련 중립 피드백
VOC01101,CUST0146,2024-06-01,홈페이지,상품문의,긍정,상품문의 관련 긍정 피드백
VOC01102,CUST0432,2024-11-26,전화,기타,긍정,기타 관련 긍정 피드백
VOC01103,CUST0132,2024-09-20,전화,요금문의,중립,요금문의 관련 중립 피드백
VOC01104,CUST0103,2024-11-23,홈페이지,상품문의,긍정,상품문의 관련 긍정 피드백
VOC01105,CUST0120,2024-01-09,전화,서비스불만,긍정,서비스불만 관련 긍정 피드백
VOC01106,CUST0102,2024-04-28,홈페이지,상품문의,부정,상품문의 관련 부정 피드백
VOC01107,CUST0384,2024-11-08,앱,서비스불만,긍정,서비스불만 관련 긍정 피드백
VOC01108,CUST0069,2024-09-14,매장,서비스불만,중립,서비스불만 관련 중립 피드백
VOC01109,CUST0191,2024-09-04,앱,상품문의,부정,상품문의 관련 부정 피드백
VOC01110,CUST0393,2024-08-25,앱,서비스불만,긍정,서비스불만 관련 긍정 피드백
VOC01111,CUST0498,2024-03-03,앱,요금문의,중립,요금문의 관련 중립 피드백
VOC01112,CUST0190,2024-07-10,매장,서비스불만,중립,서비스불만 관련 중립 피드백
VOC01113,CUST0029,2024-02-20,매장,상품문의,부정,상품문의 관련 부정 피드백
VOC01114,CUST0055,2024-06-11,전화,서비스불만,부정,서비스불만 관련 부정 피드백
VOC01115,CUST0149,2024-09-10,홈페이지,요금문의,중립,요금문의 관련 중립 피드백
VOC01116,CUST0498,2024-10-25,앱,요금문의,부정,요금문의 관련 부정 피드백
VOC01117,CUST0208,2024-09-14,홈페이지,요금문의,부정,요금문의 관련 부정 피드백
VOC01118,CUST0101,2024-04-28,앱,상품문의,부정,상품문의 관련 부정 피드백
VOC01119,CUST0162,2024-03-28,전화,서비스불만,중립,서비스불만 관련 중립 피드백
VOC01120,CUST0377,2024-07-23,전화,서비스불만,부정,서비스불만 관련 부정 피드백
VOC01121,CUST0213,2024-10-11,전화,요금문의,중립,요금문의 관련 중립 피드백
VOC01122,CUST0128,2024-12-15,매장,결제오류,중립,결제오류 관련 중립 피드백
VOC01123,CUST0299,2024-04-16,전화,요금문의,중립,요금문의 관련 중립 피드백
VOC01124,CUST0170,2024-03-31,홈페이지,결제오류,부정,결제오류 관련 부정 피드백
VOC01125,CUST0081,2024-09-23,전화,요금문의,부정,요금문의 관련 부정 피드백
VOC01126,CUST0061,2024-02-21,홈페이지,결제오류,부정,결제오류 관련 부정 피드백
VOC01127,CUST0402,2024-08-24,매장,기타,부정,기타 관련 부정 피드백
VOC01128,CUST0381,2024-04-16,전화,결제오류,중립,결제오류 관련 중립 피드백
VOC01129,CUST0492,2024-11-03,전화,서비스불만,부정,서비스불만 관련 부정 피드백
VOC01130,CUST0386,2024-01-19,매장,상품문의,중립,상품문의 관련 중립 피드백
VOC01131,CUST0236,2024-12-03,앱,상품문의,부정,상품문의 관련 부정 피드백
VOC01132,CUST0083,2024-01-23,앱,상품문의,중립,상품문의 관련 중립 피드백
VOC01133,CUST0439,2024-12-29,전화,상품문의,중립,상품문의 관련 중립 피드백
VOC01134,CUST0206,2024-12-16,전화,요금문의,중립,요금문의 관련 중립 피드백
VOC01135,CUST0366,2024-03-11,전화,결제오류,중립,결제오류 관련 중립 피드백
VOC01136,CUST0081,2024-01-22,매장,서비스불만,부정,서비스불만 관련 부정 피드백
VOC01137,CUST0408,2024-12-19,전화,요금문의,부정,요금문의 관련 부정 피드백
VOC01138,CUST0392,2024-05-19,홈페이지,결제오류,중립,결제오류 관련 중립 피드백
VOC01139,CUST0383,2024-08-24,전화,서비스불만,부정,서비스불만 관련 부정 피드백
VOC01140,CUST0008,2024-04-12,앱,결제오류,부정,결제오류 관련 부정 피드백
VOC01141,CUST0454,2024-11-26,앱,요금문의,부정,요금문의 관련 부정 피드백
VOC01142,CUST0189,2024-07-23,앱,요금문의,부정,요금문의 관련 부정 피드백
VOC01143,CUST0112,2024-10-08,매장,요금문의,중립,요금문의 관련 중립 피드백
VOC01144,CUST0103,2024-07-02,앱,서비스불만,부정,서비스불만 관련 부정 피드백
VOC01145,CUST0078,2024-04-15,앱,기타,긍정,기타 관련 긍정 피드백
VOC01146,CUST0072,2024-01-23,앱,서비스불만,긍정,서비스불만 관련 긍정 피드백
VOC01147,CUST0497,2024-04-25,전화,기타,부정,기타 관련 부정 피드백
VOC01148,CUST0294,2024-11-08,전화,서비스불만,중립,서비스불만 관련 중립 피드백
VOC01149,CUST0061,2024-02-25,앱,요금문의,부정,요금문의 관련 부정 피드백
VOC01150,CUST0334,2024-12-17,앱,요금문의,부정,요금문의 관련 부정 피드백
VOC01151,CUST0287,2024-11-10,매장,상품문의,긍정,상품문의 관련 긍정 피드백
VOC01152,CUST0416,2024-11-05,앱,요금문의,부정,요금문의 관련 부정 피드백
VOC01153,CUST0191,2024-09-07,앱,상품문의,긍정,상품문의 관련 긍정 피드백
VOC01154,CUST0288,2024-08-16,앱,상품문의,부정,상품문의 관련 부정 피드백
VOC01155,CUST0106,2024-05-18,홈페이지,서비스불만,부정,서비스불만 관련 부정 피드백
VOC01156,CUST0252,2024-08-29,앱,서비스불만,부정,서비스불만 관련 부정 피드백
VOC01157,CUST0196,2024-04-12,앱,서비스불만,부정,서비스불만 관련 부정 피드백
VOC01158,CUST0369,2024-10-28,전화,상품문의,중립,상품문의 관련 중립 피드백
VOC01159,CUST0402,2024-06-18,홈페이지,요금문의,긍정,요금문의 관련 긍정 피드백
VOC01160,CUST0207,2024-01-29,앱,결제오류,부정,결제오류 관련 부정 피드백
VOC01161,CUST0040,2024-06-14,홈페이지,기타,부정,기타 관련 부정 피드백
VOC01162,CUST0458,2024-09-20,앱,기타,부정,기타 관련 부정 피드백
VOC01163,CUST0030,2024-06-19,앱,서비스불만,중립,서비스불만 관련 중립 피드백
VOC01164,CUST0471,2024-12-21,전화,결제오류,부정,결제오류 관련 부정 피드백
VOC01165,CUST0255,2024-12-27,앱,요금문의,긍정,요금문의 관련 긍정 피드백
VOC01166,CUST0240,2024-04-29,매장,기타,부정,기타 관련 부정 피드백
VOC01167,CUST0124,2024-12-26,매장,서비스불만,부정,서비스불만 관련 부정 피드백
VOC01168,CUST0465,2024-05-07,앱,서비스불만,중립,서비스불만 관련 중립 피드백
VOC01169,CUST0352,2024-08-26,전화,기타,중립,기타 관련 중립 피드백
VOC01170,CUST0390,2024-04-18,앱,서비스불만,부정,서비스불만 관련 부정 피드백
VOC01171,CUST0426,2024-10-30,매장,서비스불만,부정,서비스불만 관련 부정 피드백
VOC01172,CUST0042,2024-06-16,전화,요금문의,부정,요금문의 관련 부정 피드백
VOC01173,CUST0409,2024-01-04,앱,상품문의,중립,상품문의 관련 중립 피드백
VOC01174,CUST0190,2024-05-14,앱,상품문의,중립,상품문의 관련 중립 피드백
VOC01175,CUST0027,2024-10-10,전화,서비스불만,중립,서비스불만 관련 중립 피드백
VOC01176,CUST0211,2024-12-09,앱,요금문의,부정,요금문의 관련 부정 피드백
VOC01177,CUST0398,2024-11-02,앱,상품문의,중립,상품문의 관련 중립 피드백
VOC01178,CUST0336,2024-07-16,홈페이지,결제오류,긍정,결제오류 관련 긍정 피드백
VOC01179,CUST0177,2024-02-04,전화,결제오류,부정,결제오류 관련 부정 피드백
VOC01180,CUST0089,2024-09-24,매장,상품문의,중립,상품문의 관련 중립 피드백
VOC01181,CUST0426,2024-04-05,홈페이지,요금문의,부정,요금문의 관련 부정 피드백
VOC01182,CUST0473,2024-10-31,앱,서비스불만,긍정,서비스불만 관련 긍정 피드백
VOC01183,CUST0134,2024-12-24,전화,결제오류,부정,결제오류 관련 부정 피드백
VOC01184,CUST0114,2024-06-16,전화,상품문의,부정,상품문의 관련 부정 피드백
VOC01185,CUST0204,2024-02-01,앱,서비스불만,부정,서비스불만 관련 부정 피드백
VOC01186,CUST0394,2024-10-25,앱,요금문의,부정,요금문의 관련 부정 피드백
VOC01187,CUST0498,2024-08-17,앱,요금문의,중립,요금문의 관련 중립 피드백
VOC01188,CUST0415,2024-02-11,매장,결제오류,부정,결제오류 관련 부정 피드백
VOC01189,CUST0378,2024-06-06,전화,상품문의,중립,상품문의 관련 중립 피드백
VOC01190,CUST0041,2024-11-09,전화,결제오류,긍정,결제오류 관련 긍정 피드백
VOC01191,CUST0048,2024-04-26,매장,서비스불만,중립,서비스불만 관련 중립 피드백
VOC01192,CUST0091,2024-02-25,홈페이지,결제오류,중립,결제오류 관련 중립 피드백
VOC01193,CUST0336,2024-06-13,전화,상품문의,부정,상품문의 관련 부정 피드백
VOC01194,CUST0127,2024-12-14,앱,요금문의,부정,요금문의 관련 부정 피드백
VOC01195,CUST0316,2024-12-04,전화,요금문의,중립,요금문의 관련 중립 피드백
VOC01196,CUST0414,2024-02-26,전화,서비스불만,부정,서비스불만 관련 부정 피드백
VOC01197,CUST0006,2024-11-02,전화,서비스불만,중립,서비스불만 관련 중립 피드백
VOC01198,CUST0360,2024-11-23,앱,요금문의,부정,요금문의 관련 부정 피드백
VOC01199,CUST0096,2024-12-04,앱,상품문의,부정,상품문의 관련 부정 피드백
VOC01200,CUST0202,2024-02-01,전화,상품문의,긍정,상품문의 관련 긍정 피드백
VOC01201,CUST0317,2024-06-22,전화,기타,부정,기타 관련 부정 피드백
VOC01202,CUST0059,2024-12-10,홈페이지,요금문의,부정,요금문의 관련 부정 피드백
VOC01203,CUST0369,2024-02-02,앱,서비스불만,중립,서비스불만 관련 중립 피드백
VOC01204,CUST0177,2024-04-26,홈페이지,요금문의,부정,요금문의 관련 부정 피드백
VOC01205,CUST0026,2024-07-26,앱,상품문의,부정,상품문의 관련 부정 피드백
VOC01206,CUST0425,2024-12-28,홈페이지,결제오류,부정,결제오류 관련 부정 피드백
VOC01207,CUST0152,2024-06-06,전화,상품문의,중립,상품문의 관련 중립 피드백
VOC01208,CUST0496,2024-09-02,전화,상품문의,부정,상품문의 관련 부정 피드백
VOC01209,CUST0262,2024-03-16,전화,요금문의,부정,요금문의 관련 부정 피드백
VOC01210,CUST0248,2024-08-25,홈페이지,서비스불만,중립,서비스불만 관련 중립 피드백
VOC01211,CUST0033,2024-01-12,앱,상품문의,부정,상품문의 관련 부정 피드백
VOC01212,CUST0361,2024-12-15,앱,기타,부정,기타 관련 부정 피드백
VOC01213,CUST0306,2024-01-10,매장,기타,부정,기타 관련 부정 피드백
VOC01214,CUST0160,2024-06-16,전화,서비스불만,중립,서비스불만 관련 중립 피드백
VOC01215,CUST0132,2024-02-25,전화,결제오류,중립,결제오류 관련 중립 피드백
VOC01216,CUST0383,2024-08-30,홈페이지,서비스불만,부정,서비스불만 관련 부정 피드백
VOC01217,CUST0011,2024-12-30,앱,상품문의,부정,상품문의 관련 부정 피드백
VOC01218,CUST0109,2024-09-21,홈페이지,상품문의,긍정,상품문의 관련 긍정 피드백
VOC01219,CUST0175,2024-10-11,전화,서비스불만,긍정,서비스불만 관련 긍정 피드백
VOC01220,CUST0124,2024-03-16,전화,결제오류,중립,결제오류 관련 중립 피드백
VOC01221,CUST0429,2024-10-06,앱,요금문의,부정,요금문의 관련 부정 피드백
VOC01222,CUST0180,2024-04-26,홈페이지,서비스불만,중립,서비스불만 관련 중립 피드백
VOC01223,CUST0325,2024-08-02,앱,서비스불만,긍정,서비스불만 관련 긍정 피드백
VOC01224,CUST0437,2024-05-04,앱,서비스불만,긍정,서비스불만 관련 긍정 피드백
VOC01225,CUST0271,2024-03-25,홈페이지,기타,중립,기타 관련 중립 피드백
VOC01226,CUST0184,2024-11-08,전화,요금문의,부정,요금문의 관련 부정 피드백
VOC01227,CUST0026,2024-05-26,매장,서비스불만,부정,서비스불만 관련 부정 피드백
VOC01228,CUST0022,2024-01-04,홈페이지,요금문의,중립,요금문의 관련 중립 피드백
VOC01229,CUST0135,2024-11-19,전화,요금문의,중립,요금문의 관련 중립 피드백
VOC01230,CUST0173,2024-04-28,앱,요금문의,중립,요금문의 관련 중립 피드백
VOC01231,CUST0337,2024-07-21,홈페이지,결제오류,부정,결제오류 관련 부정 피드백
VOC01232,CUST0294,2024-01-27,앱,기타,부정,기타 관련 부정 피드백
VOC01233,CUST0038,2024-07-06,전화,기타,부정,기타 관련 부정 피드백
VOC01234,CUST0484,2024-06-11,앱,상품문의,긍정,상품문의 관련 긍정 피드백
VOC01235,CUST0088,2024-05-14,전화,요금문의,부정,요금문의 관련 부정 피드백
VOC01236,CUST0157,2024-02-25,전화,기타,긍정,기타 관련 긍정 피드백
VOC01237,CUST0403,2024-06-24,전화,요금문의,중립,요금문의 관련 중립 피드백
VOC01238,CUST0256,2024-01-20,앱,서비스불만,중립,서비스불만 관련 중립 피드백
VOC01239,CUST0429,2024-10-06,앱,상품문의,부정,상품문의 관련 부정 피드백
VOC01240,CUST0195,2024-02-07,앱,결제오류,부정,결제오류 관련 부정 피드백
VOC01241,CUST0203,2024-04-07,홈페이지,요금문의,부정,요금문의 관련 부정 피드백
VOC01242,CUST0331,2024-11-18,전화,서비스불만,중립,서비스불만 관련 중립 피드백
VOC01243,CUST0349,2024-03-13,전화,상품문의,부정,상품문의 관련 부정 피드백
VOC01244,CUST0313,2024-10-02,매장,서비스불만,부정,서비스불만 관련 부정 피드백
VOC01245,CUST0138,2024-11-06,앱,결제오류,부정,결제오류 관련 부정 피드백
VOC01246,CUST0396,2024-10-25,앱,서비스불만,긍정,서비스불만 관련 긍정 피드백
VOC01247,CUST0435,2024-07-08,전화,결제오류,부정,결제오류 관련 부정 피드백
VOC01248,CUST0416,2024-06-03,전화,요금문의,부정,요금문의 관련 부정 피드백
VOC01249,CUST0318,2024-01-24,전화,요금문의,부정,요금문의 관련 부정 피드백
VOC01250,CUST0364,2024-05-19,전화,요금문의,부정,요금문의 관련 부정 피드백
VOC01251,CUST0299,2024-01-12,전화,기타,부정,기타 관련 부정 피드백
VOC01252,CUST0344,2024-10-25,전화,요금문의,중립,요금문의 관련 중립 피드백
VOC01253,CUST0085,2024-08-02,매장,상품문의,중립,상품문의 관련 중립 피드백
VOC01254,CUST0185,2024-06-26,앱,결제오류,부정,결제오류 관련 부정 피드백
VOC01255,CUST0031,2024-03-07,전화,기타,부정,기타 관련 부정 피드백
VOC01256,CUST0325,2024-10-04,앱,결제오류,부정,결제오류 관련 부정 피드백
VOC01257,CUST0270,2024-03-13,앱,요금문의,부정,요금문의 관련 부정 피드백
VOC01258,CUST0387,2024-05-30,홈페이지,결제오류,중립,결제오류 관련 중립 피드백
VOC01259,CUST0398,2024-02-06,전화,요금문의,부정,요금문의 관련 부정 피드백
VOC01260,CUST0123,2024-08-13,앱,서비스불만,중립,서비스불만 관련 중립 피드백
VOC01261,CUST0047,2024-05-04,전화,상품문의,부정,상품문의 관련 부정 피드백
VOC01262,CUST0110,2024-07-26,홈페이지,상품문의,부정,상품문의 관련 부정 피드백
VOC01263,CUST0497,2024-07-12,앱,결제오류,긍정,결제오류 관련 긍정 피드백
VOC01264,CUST0209,2024-04-28,홈페이지,상품문의,긍정,상품문의 관련 긍정 피드백
VOC01265,CUST0153,2024-01-11,전화,서비스불만,부정,서비스불만 관련 부정 피드백
VOC01266,CUST0266,2024-07-22,전화,요금문의,부정,요금문의 관련 부정 피드백
VOC01267,CUST0157,2024-12-13,앱,상품문의,중립,상품문의 관련 중립 피드백
VOC01268,CUST0426,2024-08-01,전화,기타,긍정,기타 관련 긍정 피드백
VOC01269,CUST0023,2024-07-02,전화,요금문의,부정,요금문의 관련 부정 피드백
VOC01270,CUST0360,2024-12-29,앱,기타,부정,기타 관련 부정 피드백
VOC01271,CUST0002,2024-12-22,홈페이지,서비스불만,부정,서비스불만 관련 부정 피드백
VOC01272,CUST0461,2024-08-05,앱,요금문의,중립,요금문의 관련 중립 피드백
VOC01273,CUST0325,2024-10-28,앱,요금문의,중립,요금문의 관련 중립 피드백
VOC01274,CUST0411,2024-03-16,홈페이지,상품문의,부정,상품문의 관련 부정 피드백
VOC01275,CUST0360,2024-10-30,앱,상품문의,부정,상품문의 관련 부정 피드백
VOC01276,CUST0486,2024-01-19,홈페이지,상품문의,중립,상품문의 관련 중립 피드백
VOC01277,CUST0262,2024-11-20,전화,상품문의,부정,상품문의 관련 부정 피드백
VOC01278,CUST0413,2024-04-16,앱,결제오류,긍정,결제오류 관련 긍정 피드백
VOC01279,CUST0304,2024-05-09,홈페이지,결제오류,부정,결제오류 관련 부정 피드백
VOC01280,CUST0473,2024-09-27,홈페이지,결제오류,부정,결제오류 관련 부정 피드백
VOC01281,CUST0175,2024-04-02,앱,상품문의,부정,상품문의 관련 부정 피드백
VOC01282,CUST0061,2024-08-05,앱,서비스불만,부정,서비스불만 관련 부정 피드백
VOC01283,CUST0050,2024-12-02,전화,서비스불만,중립,서비스불만 관련 중립 피드백
VOC01284,CUST0049,2024-03-03,전화,상품문의,부정,상품문의 관련 부정 피드백
VOC01285,CUST0043,2024-09-08,앱,기타,중립,기타 관련 중립 피드백
VOC01286,CUST0196,2024-09-16,앱,서비스불만,부정,서비스불만 관련 부정 피드백
VOC01287,CUST0238,2024-06-06,앱,상품문의,긍정,상품문의 관련 긍정 피드백
VOC01288,CUST0267,2024-01-05,전화,결제오류,중립,결제오류 관련 중립 피드백
VOC01289,CUST0313,2024-04-27,전화,요금문의,부정,요금문의 관련 부정 피드백
VOC01290,CUST0066,2024-12-26,매장,요금문의,긍정,요금문의 관련 긍정 피드백
VOC01291,CUST0040,2024-07-09,홈페이지,요금문의,부정,요금문의 관련 부정 피드백
VOC01292,CUST0056,2024-01-25,앱,상품문의,부정,상품문의 관련 부정 피드백
VOC01293,CUST0325,2024-11-19,전화,요금문의,부정,요금문의 관련 부정 피드백
VOC01294,CUST0397,2024-01-20,홈페이지,서비스불만,긍정,서비스불만 관련 긍정 피드백
VOC01295,CUST0050,2024-11-07,전화,요금문의,중립,요금문의 관련 중립 피드백
VOC01296,CUST0402,2024-02-25,전화,요금문의,부정,요금문의 관련 부정 피드백
VOC01297,CUST0206,2024-12-21,앱,서비스불만,부정,서비스불만 관련 부정 피드백
VOC01298,CUST0280,2024-06-21,전화,결제오류,긍정,결제오류 관련 긍정 피드백
VOC01299,CUST0195,2024-01-18,전화,서비스불만,부정,서비스불만 관련 부정 피드백
VOC01300,CUST0321,2024-10-27,전화,서비스불만,긍정,서비스불만 관련 긍정 피드백
VOC01301,CUST0410,2024-07-06,전화,서비스불만,부정,서비스불만 관련 부정 피드백
VOC01302,CUST0038,2024-05-01,전화,요금문의,긍정,요금문의 관련 긍정 피드백
VOC01303,CUST0263,2024-02-06,홈페이지,서비스불만,부정,서비스불만 관련 부정 피드백
VOC01304,CUST0159,2024-10-16,전화,서비스불만,부정,서비스불만 관련 부정 피드백
VOC01305,CUST0143,2024-07-04,매장,요금문의,부정,요금문의 관련 부정 피드백
VOC01306,CUST0062,2024-09-04,앱,요금문의,중립,요금문의 관련 중립 피드백
VOC01307,CUST0254,2024-01-15,전화,상품문의,중립,상품문의 관련 중립 피드백
