날짜,캠페인,광고그룹,키워드,디바이스,연령대,성별,시간대,소재유형,노출수,클릭수,광고비,CTR,CPC,평균노출순위
2026-05-01,25년_다이렉트_검색_1차,브랜드,자동차보험견적,모바일,50대이상,여,08시,이미지,12464,374,1110406,3.0,2969,1.7
2026-05-01,25년_다이렉트_검색_1차,브랜드,자동차보험료비교,PC,40대,남,13시,확장소재,16948,145,488360,0.86,3368,3.7
2026-05-01,25년_다이렉트_검색_1차,일반보험료,온라인자동차보험,모바일,20대,남,15시,확장소재,2933,43,134332,1.47,3124,3.2
2026-05-01,25년_다이렉트_검색_2차,브랜드,자동차보험견적,PC,30대,남,18시,텍스트,12034,135,280125,1.12,2075,1.3
2026-05-01,25년_다이렉트_검색_2차,신규가입,자동차보험견적,모바일,20대,남,23시,텍스트,3505,53,109551,1.51,2067,3.2
2026-05-01,25년_다이렉트_검색_2차,특약보험료,자동차보험견적,PC,40대,여,17시,이미지,2085,67,122007,3.21,1821,2.9
2026-05-01,26년_다이렉트_브랜드검색,브랜드,온라인자동차보험,PC,20대,여,20시,확장소재,10733,206,702872,1.92,3412,2.0
2026-05-01,26년_다이렉트_브랜드검색,일반보험료,다이렉트자동차보험,PC,40대,남,19시,확장소재,10262,261,903060,2.54,3460,4.4
2026-05-01,26년_신년_검색프로모션,브랜드,다이렉트자동차보험,모바일,20대,여,10시,확장소재,6392,270,779760,4.22,2888,4.2
2026-05-01,26년_신년_검색프로모션,브랜드,온라인자동차보험,PC,30대,남,12시,텍스트,18368,284,472292,1.55,1663,3.3
2026-05-01,26년_신년_검색프로모션,특약보험료,자동차보험견적,모바일,30대,남,11시,이미지,1559,66,166452,4.23,2522,3.5
2026-05-02,25년_다이렉트_검색_1차,브랜드,자동차보험,PC,50대이상,여,16시,텍스트,7658,157,389674,2.05,2482,3.6
2026-05-02,25년_다이렉트_검색_1차,브랜드,자동차보험료비교,모바일,20대,여,06시,확장소재,6199,104,218400,1.68,2100,1.8
2026-05-02,25년_다이렉트_검색_1차,신규가입,자동차보험료비교,모바일,20대,남,11시,텍스트,18591,456,1155048,2.45,2533,2.0
2026-05-02,25년_다이렉트_검색_1차,일반보험료,다이렉트자동차보험,모바일,20대,여,17시,텍스트,17146,555,1772115,3.24,3193,4.4
2026-05-02,25년_다이렉트_검색_2차,브랜드,다이렉트자동차보험,PC,50대이상,남,16시,텍스트,8838,184,466256,2.08,2534,1.8
2026-05-02,25년_다이렉트_검색_2차,브랜드,자동차보험,PC,50대이상,남,06시,확장소재,1560,66,220704,4.23,3344,3.0
2026-05-02,26년_다이렉트_브랜드검색,브랜드,다이렉트자동차보험,모바일,30대,여,08시,텍스트,16086,350,803600,2.18,2296,3.4
2026-05-02,26년_다이렉트_브랜드검색,브랜드,온라인자동차보험,PC,30대,남,19시,텍스트,8496,224,301504,2.64,1346,3.7
2026-05-02,26년_다이렉트_브랜드검색,일반보험료,다이렉트자동차보험,모바일,30대,여,10시,텍스트,12149,417,1015812,3.43,2436,2.1
2026-05-02,26년_다이렉트_브랜드검색,특약보험료,자동차보험견적,모바일,40대,여,09시,확장소재,2430,92,275172,3.79,2991,4.0
2026-05-02,26년_신년_검색프로모션,브랜드,자동차보험료비교,PC,40대,여,06시,확장소재,17929,305,879925,1.7,2885,4.4
2026-05-02,26년_신년_검색프로모션,특약보험료,자동차보험,모바일,50대이상,남,14시,확장소재,10730,441,1339317,4.11,3037,1.6
2026-05-02,26년_신년_검색프로모션,특약보험료,자동차보험,모바일,50대이상,남,22시,이미지,6030,141,290037,2.34,2057,2.3
2026-05-03,25년_다이렉트_검색_1차,신규가입,다이렉트자동차보험,모바일,50대이상,여,21시,텍스트,1650,55,99660,3.33,1812,1.4
2026-05-03,25년_다이렉트_검색_1차,일반보험료,온라인자동차보험,모바일,50대이상,여,21시,텍스트,9935,96,173568,0.97,1808,2.2
2026-05-03,25년_다이렉트_검색_1차,일반보험료,자동차보험견적,모바일,50대이상,여,12시,텍스트,7843,223,558615,2.84,2505,3.9
2026-05-03,25년_다이렉트_검색_1차,특약보험료,자동차보험료비교,PC,30대,여,22시,텍스트,1069,45,64125,4.21,1425,3.2
2026-05-03,25년_다이렉트_검색_2차,일반보험료,온라인자동차보험,모바일,30대,남,20시,확장소재,15838,201,625311,1.27,3111,3.7
2026-05-03,26년_다이렉트_브랜드검색,신규가입,온라인자동차보험,모바일,30대,여,22시,이미지,2868,30,35970,1.05,1199,1.4
2026-05-03,26년_다이렉트_브랜드검색,신규가입,자동차보험료비교,PC,50대이상,여,21시,확장소재,13684,592,889776,4.33,1503,3.0
2026-05-03,26년_신년_검색프로모션,브랜드,다이렉트자동차보험,모바일,30대,남,06시,텍스트,4952,112,377328,2.26,3369,4.3
2026-05-03,26년_신년_검색프로모션,브랜드,자동차보험료비교,모바일,50대이상,여,10시,이미지,7299,321,460635,4.4,1435,3.6
2026-05-04,25년_다이렉트_검색_1차,신규가입,다이렉트자동차보험,모바일,30대,남,12시,이미지,3641,124,323640,3.41,2610,3.8
2026-05-04,25년_다이렉트_검색_1차,신규가입,자동차보험료비교,모바일,20대,여,17시,텍스트,14084,391,545445,2.78,1395,3.9
2026-05-04,25년_다이렉트_검색_1차,일반보험료,자동차보험견적,PC,50대이상,남,19시,이미지,5887,131,293440,2.23,2240,3.3
2026-05-04,25년_다이렉트_검색_1차,특약보험료,다이렉트자동차보험,모바일,40대,남,12시,이미지,2582,52,46228,2.01,889,2.3
2026-05-04,25년_다이렉트_검색_1차,특약보험료,자동차보험견적,PC,20대,남,17시,텍스트,4860,96,145632,1.98,1517,3.4
2026-05-04,25년_다이렉트_검색_1차,특약보험료,자동차보험견적,모바일,20대,여,08시,텍스트,11838,479,731912,4.05,1528,3.9
2026-05-04,26년_다이렉트_브랜드검색,브랜드,다이렉트자동차보험,PC,40대,여,06시,텍스트,6378,273,462735,4.28,1695,3.3
2026-05-04,26년_다이렉트_브랜드검색,특약보험료,다이렉트자동차보험,모바일,40대,여,10시,확장소재,8151,350,688450,4.29,1967,3.8
2026-05-04,26년_신년_검색프로모션,신규가입,자동차보험견적,PC,50대이상,여,14시,이미지,7301,320,560960,4.38,1753,3.2
2026-05-04,26년_신년_검색프로모션,일반보험료,온라인자동차보험,PC,20대,남,18시,확장소재,5573,96,282528,1.72,2943,2.3
2026-05-04,26년_신년_검색프로모션,일반보험료,온라인자동차보험,모바일,20대,남,12시,텍스트,18424,497,1115765,2.7,2245,4.5
2026-05-04,26년_신년_검색프로모션,일반보험료,자동차보험,모바일,40대,남,22시,텍스트,9935,289,717587,2.91,2483,1.6
2026-05-05,25년_다이렉트_검색_1차,신규가입,자동차보험료비교,PC,20대,남,06시,이미지,14050,190,313880,1.35,1652,3.7
2026-05-05,25년_다이렉트_검색_1차,일반보험료,온라인자동차보험,모바일,30대,남,22시,이미지,13956,236,779744,1.69,3304,1.6
2026-05-05,25년_다이렉트_검색_1차,일반보험료,자동차보험료비교,PC,20대,남,10시,텍스트,884,7,9219,0.79,1317,3.5
2026-05-05,25년_다이렉트_검색_2차,특약보험료,자동차보험견적,PC,40대,여,10시,확장소재,2605,22,66440,0.84,3020,1.3
2026-05-05,25년_다이렉트_검색_2차,특약보험료,자동차보험료비교,PC,20대,남,06시,이미지,17139,505,1385720,2.95,2744,2.6
2026-05-05,26년_다이렉트_브랜드검색,브랜드,자동차보험견적,모바일,20대,여,08시,텍스트,15337,141,285384,0.92,2024,2.2
2026-05-05,26년_다이렉트_브랜드검색,특약보험료,온라인자동차보험,모바일,30대,여,10시,텍스트,1167,23,44735,1.97,1945,1.8
2026-05-05,26년_신년_검색프로모션,특약보험료,자동차보험료비교,모바일,50대이상,남,16시,이미지,16261,230,540270,1.41,2349,2.2
2026-05-06,25년_다이렉트_검색_1차,신규가입,온라인자동차보험,모바일,20대,여,11시,확장소재,15534,269,492270,1.73,1830,3.5
2026-05-06,25년_다이렉트_검색_2차,신규가입,온라인자동차보험,모바일,30대,여,23시,이미지,19698,178,365256,0.9,2052,3.2
2026-05-06,25년_다이렉트_검색_2차,특약보험료,다이렉트자동차보험,PC,40대,남,10시,텍스트,10709,223,215195,2.08,965,2.7
2026-05-06,26년_다이렉트_브랜드검색,신규가입,다이렉트자동차보험,모바일,50대이상,남,19시,이미지,14068,156,419640,1.11,2690,1.8
2026-05-06,26년_다이렉트_브랜드검색,일반보험료,자동차보험,모바일,30대,남,16시,확장소재,19477,248,633144,1.27,2553,3.5
2026-05-06,26년_다이렉트_브랜드검색,일반보험료,자동차보험료비교,PC,40대,여,16시,확장소재,19716,346,300328,1.75,868,4.4
2026-05-06,26년_다이렉트_브랜드검색,특약보험료,다이렉트자동차보험,PC,40대,여,13시,텍스트,8061,299,883844,3.71,2956,2.8
2026-05-06,26년_신년_검색프로모션,브랜드,온라인자동차보험,모바일,50대이상,남,08시,확장소재,7850,232,648208,2.96,2794,1.7
2026-05-06,26년_신년_검색프로모션,브랜드,자동차보험,모바일,30대,여,10시,이미지,14989,396,489852,2.64,1237,3.7
2026-05-06,26년_신년_검색프로모션,신규가입,다이렉트자동차보험,모바일,30대,여,22시,텍스트,8652,305,876875,3.53,2875,1.3
2026-05-06,26년_신년_검색프로모션,특약보험료,자동차보험견적,모바일,30대,남,10시,텍스트,10661,322,588616,3.02,1828,2.3
2026-05-07,25년_다이렉트_검색_1차,브랜드,다이렉트자동차보험,PC,30대,남,16시,텍스트,14731,448,859264,3.04,1918,4.3
2026-05-07,25년_다이렉트_검색_2차,브랜드,자동차보험,PC,40대,남,14시,텍스트,17144,177,534363,1.03,3019,1.9
2026-05-07,25년_다이렉트_검색_2차,일반보험료,온라인자동차보험,모바일,30대,남,10시,텍스트,19444,688,1826640,3.54,2655,3.8
2026-05-07,25년_다이렉트_검색_2차,특약보험료,온라인자동차보험,PC,40대,여,06시,텍스트,1346,37,83546,2.75,2258,4.0
2026-05-07,26년_다이렉트_브랜드검색,브랜드,자동차보험견적,모바일,40대,남,06시,이미지,6733,245,581385,3.64,2373,3.1
2026-05-07,26년_다이렉트_브랜드검색,특약보험료,자동차보험,모바일,30대,여,11시,확장소재,16889,383,978565,2.27,2555,4.2
2026-05-07,26년_신년_검색프로모션,브랜드,자동차보험견적,PC,30대,남,06시,텍스트,15874,643,1358016,4.05,2112,3.0
2026-05-07,26년_신년_검색프로모션,브랜드,자동차보험료비교,PC,40대,남,11시,이미지,19596,414,539028,2.11,1302,3.0
2026-05-07,26년_신년_검색프로모션,브랜드,자동차보험료비교,모바일,20대,여,06시,확장소재,8077,335,469000,4.15,1400,4.1
2026-05-07,26년_신년_검색프로모션,신규가입,자동차보험료비교,PC,40대,남,13시,텍스트,12113,180,575460,1.49,3197,1.8
2026-05-07,26년_신년_검색프로모션,특약보험료,자동차보험견적,PC,20대,남,11시,이미지,19623,625,1600625,3.19,2561,2.0
2026-05-08,25년_다이렉트_검색_1차,브랜드,온라인자동차보험,모바일,20대,여,10시,확장소재,11973,366,892674,3.06,2439,4.1
2026-05-08,25년_다이렉트_검색_1차,신규가입,자동차보험견적,모바일,40대,남,14시,이미지,15255,192,509568,1.26,2654,2.2
2026-05-08,25년_다이렉트_검색_2차,특약보험료,온라인자동차보험,모바일,40대,남,13시,텍스트,6088,164,270272,2.69,1648,4.4
2026-05-08,25년_다이렉트_검색_2차,특약보험료,자동차보험료비교,모바일,40대,남,19시,텍스트,12141,128,108800,1.05,850,3.6
2026-05-08,25년_다이렉트_검색_2차,특약보험료,자동차보험료비교,모바일,40대,여,06시,텍스트,5990,148,146964,2.47,993,3.0
2026-05-08,26년_다이렉트_브랜드검색,신규가입,자동차보험료비교,PC,40대,여,09시,이미지,3728,104,300976,2.79,2894,2.5
2026-05-08,26년_다이렉트_브랜드검색,특약보험료,다이렉트자동차보험,모바일,40대,여,22시,확장소재,13724,167,516197,1.22,3091,3.0
2026-05-08,26년_신년_검색프로모션,브랜드,자동차보험,PC,20대,남,16시,이미지,13990,240,197760,1.72,824,2.8
2026-05-08,26년_신년_검색프로모션,신규가입,다이렉트자동차보험,PC,30대,남,17시,이미지,6279,92,245180,1.47,2665,2.3
2026-05-08,26년_신년_검색프로모션,신규가입,온라인자동차보험,PC,50대이상,여,12시,텍스트,13587,245,661745,1.8,2701,2.9
2026-05-08,26년_신년_검색프로모션,일반보험료,자동차보험,PC,20대,남,21시,확장소재,9681,346,605846,3.57,1751,4.2
2026-05-08,26년_신년_검색프로모션,일반보험료,자동차보험견적,모바일,40대,남,09시,텍스트,5873,91,241787,1.55,2657,3.7
2026-05-09,25년_다이렉트_검색_1차,신규가입,자동차보험견적,모바일,40대,남,06시,확장소재,14795,225,582750,1.52,2590,1.3
2026-05-09,25년_다이렉트_검색_1차,일반보험료,다이렉트자동차보험,모바일,20대,남,19시,이미지,16146,651,629517,4.03,967,2.0
2026-05-09,25년_다이렉트_검색_1차,일반보험료,자동차보험견적,PC,30대,여,14시,이미지,5341,205,308730,3.84,1506,3.1
2026-05-09,25년_다이렉트_검색_1차,특약보험료,다이렉트자동차보험,PC,20대,남,07시,확장소재,8928,204,526524,2.28,2581,3.3
2026-05-09,25년_다이렉트_검색_1차,특약보험료,온라인자동차보험,모바일,40대,남,15시,이미지,5975,157,452317,2.63,2881,3.0
2026-05-09,25년_다이렉트_검색_1차,특약보험료,자동차보험,모바일,30대,남,22시,이미지,11593,427,594384,3.68,1392,4.1
2026-05-09,26년_다이렉트_브랜드검색,브랜드,온라인자동차보험,모바일,20대,여,19시,확장소재,2643,117,246987,4.43,2111,4.0
2026-05-09,26년_신년_검색프로모션,신규가입,온라인자동차보험,PC,20대,여,23시,이미지,6650,209,626582,3.14,2998,4.0
2026-05-10,25년_다이렉트_검색_1차,신규가입,자동차보험견적,PC,20대,여,08시,확장소재,14237,575,638250,4.04,1110,2.7
2026-05-10,25년_다이렉트_검색_1차,신규가입,자동차보험료비교,모바일,30대,남,18시,이미지,2921,92,186116,3.15,2023,2.0
2026-05-10,25년_다이렉트_검색_1차,일반보험료,온라인자동차보험,PC,50대이상,남,11시,이미지,9630,290,238960,3.01,824,2.0
2026-05-10,25년_다이렉트_검색_2차,브랜드,자동차보험견적,PC,30대,남,18시,이미지,3483,84,97692,2.41,1163,3.1
2026-05-10,25년_다이렉트_검색_2차,브랜드,자동차보험료비교,모바일,50대이상,여,22시,확장소재,19750,224,491456,1.13,2194,2.0
2026-05-10,26년_다이렉트_브랜드검색,신규가입,온라인자동차보험,PC,30대,여,13시,확장소재,16814,705,1297200,4.19,1840,4.3
2026-05-10,26년_신년_검색프로모션,브랜드,온라인자동차보험,모바일,40대,남,15시,이미지,12816,466,594616,3.64,1276,1.3
2026-05-10,26년_신년_검색프로모션,브랜드,자동차보험,PC,30대,여,20시,확장소재,18217,466,1617020,2.56,3470,4.3
2026-05-10,26년_신년_검색프로모션,특약보험료,자동차보험,PC,30대,남,08시,텍스트,7237,257,827283,3.55,3219,4.0
2026-05-10,26년_신년_검색프로모션,특약보험료,자동차보험견적,PC,20대,남,13시,텍스트,12612,332,386448,2.63,1164,1.7
2026-05-10,26년_신년_검색프로모션,특약보험료,자동차보험견적,모바일,40대,남,21시,이미지,5306,238,622846,4.49,2617,3.1
2026-05-11,25년_다이렉트_검색_1차,일반보험료,자동차보험,PC,20대,남,07시,확장소재,11374,145,292610,1.27,2018,4.4
2026-05-11,25년_다이렉트_검색_2차,일반보험료,온라인자동차보험,모바일,20대,남,22시,이미지,4472,43,73659,0.96,1713,1.5
2026-05-11,25년_다이렉트_검색_2차,일반보험료,자동차보험,모바일,20대,남,22시,텍스트,17708,286,958958,1.62,3353,3.8
2026-05-11,26년_다이렉트_브랜드검색,신규가입,온라인자동차보험,PC,20대,남,18시,이미지,8702,360,1106280,4.14,3073,1.8
2026-05-11,26년_다이렉트_브랜드검색,신규가입,자동차보험견적,PC,20대,남,11시,확장소재,17201,514,1103044,2.99,2146,2.3
2026-05-11,26년_다이렉트_브랜드검색,일반보험료,자동차보험견적,모바일,40대,여,11시,확장소재,14786,352,620576,2.38,1763,1.9
2026-05-11,26년_신년_검색프로모션,일반보험료,온라인자동차보험,PC,30대,남,07시,확장소재,15051,620,979600,4.12,1580,1.9
2026-05-11,26년_신년_검색프로모션,특약보험료,온라인자동차보험,PC,30대,여,10시,텍스트,13176,462,1316700,3.51,2850,2.7
2026-05-12,25년_다이렉트_검색_1차,신규가입,다이렉트자동차보험,모바일,50대이상,여,18시,확장소재,10677,198,493020,1.85,2490,4.4
2026-05-12,25년_다이렉트_검색_1차,신규가입,자동차보험료비교,PC,40대,여,07시,이미지,2928,64,52992,2.19,828,1.3
2026-05-12,25년_다이렉트_검색_1차,신규가입,자동차보험료비교,모바일,30대,여,12시,텍스트,18588,378,1286712,2.03,3404,3.5
2026-05-12,25년_다이렉트_검색_2차,신규가입,온라인자동차보험,모바일,50대이상,여,20시,이미지,14788,174,145812,1.18,838,2.9
2026-05-12,26년_다이렉트_브랜드검색,브랜드,자동차보험견적,모바일,20대,여,09시,이미지,15249,132,271392,0.87,2056,4.4
2026-05-12,26년_다이렉트_브랜드검색,브랜드,자동차보험료비교,모바일,20대,여,17시,텍스트,17868,717,945723,4.01,1319,3.7
2026-05-12,26년_다이렉트_브랜드검색,신규가입,온라인자동차보험,모바일,30대,남,10시,확장소재,19780,863,1543044,4.36,1788,4.3
2026-05-12,26년_다이렉트_브랜드검색,일반보험료,온라인자동차보험,PC,50대이상,여,14시,이미지,19830,294,389844,1.48,1326,2.8
2026-05-12,26년_다이렉트_브랜드검색,특약보험료,자동차보험료비교,모바일,30대,여,19시,확장소재,17924,654,2124192,3.65,3248,3.1
2026-05-12,26년_신년_검색프로모션,브랜드,온라인자동차보험,PC,30대,남,17시,확장소재,12655,440,1223200,3.48,2780,1.9
2026-05-12,26년_신년_검색프로모션,일반보험료,다이렉트자동차보험,모바일,50대이상,여,19시,텍스트,3308,30,101460,0.91,3382,1.2
2026-05-13,25년_다이렉트_검색_1차,신규가입,다이렉트자동차보험,모바일,40대,남,19시,텍스트,4609,50,146700,1.08,2934,3.3
2026-05-13,25년_다이렉트_검색_1차,특약보험료,다이렉트자동차보험,PC,30대,여,23시,확장소재,18833,173,512599,0.92,2963,2.4
2026-05-13,25년_다이렉트_검색_2차,일반보험료,자동차보험,모바일,30대,여,13시,이미지,18779,592,1649312,3.15,2786,4.2
2026-05-13,26년_다이렉트_브랜드검색,브랜드,다이렉트자동차보험,PC,30대,여,08시,확장소재,14129,433,1398590,3.06,3230,1.5
2026-05-13,26년_다이렉트_브랜드검색,신규가입,자동차보험견적,PC,50대이상,여,14시,확장소재,2856,92,101752,3.22,1106,1.7
2026-05-13,26년_다이렉트_브랜드검색,일반보험료,자동차보험,모바일,50대이상,남,23시,이미지,5609,112,362096,2.0,3233,3.8
2026-05-13,26년_다이렉트_브랜드검색,일반보험료,자동차보험료비교,PC,30대,남,14시,텍스트,8857,166,352584,1.87,2124,3.7
2026-05-13,26년_다이렉트_브랜드검색,특약보험료,다이렉트자동차보험,모바일,50대이상,남,07시,텍스트,6291,54,115182,0.86,2133,3.2
2026-05-14,25년_다이렉트_검색_1차,일반보험료,자동차보험,모바일,50대이상,여,16시,텍스트,13649,182,542360,1.33,2980,2.0
2026-05-14,25년_다이렉트_검색_1차,특약보험료,자동차보험료비교,모바일,30대,여,21시,이미지,14260,522,574200,3.66,1100,2.0
2026-05-14,25년_다이렉트_검색_2차,신규가입,자동차보험견적,모바일,20대,남,19시,이미지,781,7,20762,0.9,2966,1.9
2026-05-14,25년_다이렉트_검색_2차,특약보험료,자동차보험,PC,40대,남,07시,확장소재,2146,64,196992,2.98,3078,2.4
2026-05-14,26년_다이렉트_브랜드검색,일반보험료,자동차보험견적,PC,30대,남,14시,이미지,13265,194,337366,1.46,1739,2.4
2026-05-14,26년_다이렉트_브랜드검색,일반보험료,자동차보험견적,모바일,40대,여,10시,이미지,13232,141,392262,1.07,2782,1.9
2026-05-14,26년_다이렉트_브랜드검색,일반보험료,자동차보험료비교,모바일,30대,남,17시,이미지,1739,58,53650,3.34,925,4.3
2026-05-14,26년_다이렉트_브랜드검색,특약보험료,온라인자동차보험,PC,30대,남,07시,이미지,16421,658,925806,4.01,1407,3.1
2026-05-14,26년_신년_검색프로모션,브랜드,자동차보험견적,모바일,40대,남,08시,이미지,18278,338,485368,1.85,1436,1.9
2026-05-14,26년_신년_검색프로모션,브랜드,자동차보험료비교,모바일,20대,여,23시,이미지,4068,138,365286,3.39,2647,3.1
2026-05-15,25년_다이렉트_검색_1차,브랜드,다이렉트자동차보험,PC,30대,남,18시,이미지,4110,174,344346,4.23,1979,3.0
2026-05-15,25년_다이렉트_검색_1차,브랜드,자동차보험,PC,30대,남,15시,이미지,1786,59,109858,3.3,1862,2.9
2026-05-15,25년_다이렉트_검색_1차,일반보험료,자동차보험료비교,모바일,50대이상,여,16시,확장소재,5306,153,528156,2.88,3452,2.7
2026-05-15,25년_다이렉트_검색_2차,신규가입,자동차보험,모바일,50대이상,여,12시,텍스트,4614,174,564456,3.77,3244,3.8
2026-05-15,25년_다이렉트_검색_2차,일반보험료,다이렉트자동차보험,모바일,50대이상,남,13시,텍스트,16052,626,2049524,3.9,3274,3.5
2026-05-15,25년_다이렉트_검색_2차,특약보험료,온라인자동차보험,PC,40대,남,18시,텍스트,12063,309,260178,2.56,842,3.7
2026-05-15,26년_다이렉트_브랜드검색,일반보험료,자동차보험,모바일,30대,여,07시,이미지,4940,165,348150,3.34,2110,3.4
2026-05-15,26년_다이렉트_브랜드검색,일반보험료,자동차보험,모바일,40대,여,07시,텍스트,6204,248,474176,4.0,1912,4.1
2026-05-15,26년_다이렉트_브랜드검색,특약보험료,온라인자동차보험,모바일,20대,남,17시,텍스트,3489,92,269744,2.64,2932,4.0
2026-05-15,26년_신년_검색프로모션,신규가입,온라인자동차보험,PC,20대,남,07시,이미지,4931,157,305679,3.18,1947,4.4
2026-05-15,26년_신년_검색프로모션,일반보험료,자동차보험견적,모바일,50대이상,여,10시,확장소재,13095,446,754186,3.41,1691,3.4
2026-05-16,25년_다이렉트_검색_1차,브랜드,온라인자동차보험,모바일,30대,여,07시,텍스트,13895,431,540905,3.1,1255,3.7
2026-05-16,25년_다이렉트_검색_1차,일반보험료,자동차보험,PC,50대이상,여,10시,확장소재,16956,338,917332,1.99,2714,2.3
2026-05-16,25년_다이렉트_검색_1차,특약보험료,온라인자동차보험,PC,20대,여,14시,확장소재,10400,326,974088,3.13,2988,3.2
2026-05-16,25년_다이렉트_검색_2차,신규가입,온라인자동차보험,PC,30대,남,20시,텍스트,2326,76,189468,3.27,2493,3.6
2026-05-16,25년_다이렉트_검색_2차,신규가입,온라인자동차보험,PC,30대,남,22시,이미지,5510,171,386802,3.1,2262,3.1
2026-05-16,25년_다이렉트_검색_2차,신규가입,자동차보험견적,모바일,50대이상,여,09시,확장소재,6252,244,837164,3.9,3431,3.7
2026-05-16,25년_다이렉트_검색_2차,일반보험료,다이렉트자동차보험,PC,30대,여,21시,텍스트,1161,33,108900,2.84,3300,1.8
2026-05-16,25년_다이렉트_검색_2차,일반보험료,자동차보험,모바일,20대,남,08시,이미지,6282,111,266511,1.77,2401,2.5
2026-05-16,26년_다이렉트_브랜드검색,일반보험료,자동차보험,모바일,30대,남,07시,확장소재,1487,23,53958,1.55,2346,2.0
2026-05-16,26년_다이렉트_브랜드검색,특약보험료,온라인자동차보험,PC,30대,여,22시,확장소재,2235,71,229188,3.18,3228,2.7
2026-05-16,26년_다이렉트_브랜드검색,특약보험료,자동차보험견적,모바일,50대이상,여,17시,텍스트,7623,194,200984,2.54,1036,1.6
2026-05-16,26년_신년_검색프로모션,신규가입,자동차보험견적,모바일,30대,여,13시,텍스트,12043,153,367659,1.27,2403,3.6
2026-05-16,26년_신년_검색프로모션,일반보험료,온라인자동차보험,PC,30대,여,20시,텍스트,4906,68,81940,1.39,1205,2.8
2026-05-17,25년_다이렉트_검색_1차,브랜드,자동차보험견적,모바일,30대,여,09시,이미지,9156,110,164890,1.2,1499,3.3
2026-05-17,25년_다이렉트_검색_1차,특약보험료,자동차보험견적,모바일,20대,남,23시,텍스트,8493,127,215900,1.5,1700,1.9
2026-05-17,25년_다이렉트_검색_1차,특약보험료,자동차보험료비교,PC,40대,여,21시,텍스트,5578,93,178746,1.67,1922,1.4
2026-05-17,25년_다이렉트_검색_2차,일반보험료,다이렉트자동차보험,모바일,50대이상,남,07시,텍스트,5417,209,695970,3.86,3330,2.5
2026-05-17,25년_다이렉트_검색_2차,특약보험료,자동차보험,모바일,20대,여,06시,확장소재,19862,413,1078343,2.08,2611,3.1
2026-05-17,26년_다이렉트_브랜드검색,특약보험료,다이렉트자동차보험,PC,40대,남,08시,확장소재,10840,333,539127,3.07,1619,1.8
2026-05-17,26년_다이렉트_브랜드검색,특약보험료,자동차보험견적,모바일,30대,남,22시,텍스트,1093,27,69336,2.47,2568,3.2
2026-05-17,26년_신년_검색프로모션,특약보험료,자동차보험,PC,30대,여,16시,이미지,5679,122,382348,2.15,3134,1.4
2026-05-17,26년_신년_검색프로모션,특약보험료,자동차보험견적,모바일,50대이상,남,11시,텍스트,8467,105,93555,1.24,891,2.2
2026-05-17,26년_신년_검색프로모션,특약보험료,자동차보험료비교,PC,20대,여,11시,확장소재,2049,29,82476,1.42,2844,3.7
2026-05-18,25년_다이렉트_검색_1차,브랜드,온라인자동차보험,모바일,30대,남,15시,확장소재,6478,286,921206,4.41,3221,2.8
2026-05-18,25년_다이렉트_검색_1차,특약보험료,온라인자동차보험,PC,30대,여,17시,확장소재,12732,277,734050,2.18,2650,3.0
2026-05-18,25년_다이렉트_검색_2차,브랜드,자동차보험,PC,40대,남,13시,텍스트,19131,313,518015,1.64,1655,4.1
2026-05-18,25년_다이렉트_검색_2차,일반보험료,다이렉트자동차보험,모바일,20대,남,13시,이미지,12758,419,856855,3.28,2045,4.0
2026-05-18,26년_다이렉트_브랜드검색,브랜드,온라인자동차보험,모바일,50대이상,남,16시,확장소재,6772,256,736256,3.78,2876,2.1
2026-05-18,26년_다이렉트_브랜드검색,브랜드,자동차보험견적,모바일,50대이상,여,19시,확장소재,3956,42,50694,1.06,1207,1.5
2026-05-18,26년_다이렉트_브랜드검색,특약보험료,다이렉트자동차보험,모바일,30대,남,21시,텍스트,6010,222,302364,3.69,1362,1.8
2026-05-18,26년_신년_검색프로모션,특약보험료,자동차보험,모바일,20대,남,23시,이미지,2876,63,111006,2.19,1762,1.6
2026-05-19,25년_다이렉트_검색_1차,신규가입,온라인자동차보험,PC,40대,남,14시,이미지,10528,151,150547,1.43,997,3.3
2026-05-19,25년_다이렉트_검색_1차,신규가입,자동차보험견적,모바일,20대,남,08시,확장소재,16421,261,582030,1.59,2230,4.0
2026-05-19,25년_다이렉트_검색_1차,일반보험료,다이렉트자동차보험,모바일,50대이상,남,09시,이미지,5517,222,482184,4.02,2172,2.7
2026-05-19,25년_다이렉트_검색_1차,특약보험료,온라인자동차보험,모바일,50대이상,여,07시,이미지,11322,292,386900,2.58,1325,3.6
2026-05-19,25년_다이렉트_검색_2차,브랜드,다이렉트자동차보험,PC,30대,남,09시,확장소재,11654,308,831908,2.64,2701,1.7
2026-05-19,25년_다이렉트_검색_2차,신규가입,다이렉트자동차보험,PC,30대,여,13시,텍스트,19344,221,653055,1.14,2955,3.3
2026-05-19,25년_다이렉트_검색_2차,신규가입,자동차보험견적,모바일,30대,여,20시,텍스트,15879,319,822382,2.01,2578,4.0
2026-05-19,26년_다이렉트_브랜드검색,신규가입,자동차보험,모바일,30대,남,19시,확장소재,17332,316,728696,1.82,2306,2.5
2026-05-19,26년_다이렉트_브랜드검색,신규가입,자동차보험견적,모바일,30대,여,19시,텍스트,15371,246,646488,1.6,2628,3.4
2026-05-19,26년_다이렉트_브랜드검색,일반보험료,자동차보험료비교,PC,50대이상,남,20시,확장소재,5969,120,240720,2.01,2006,2.0
2026-05-19,26년_다이렉트_브랜드검색,특약보험료,자동차보험견적,모바일,30대,남,18시,확장소재,8829,179,317188,2.03,1772,3.5
2026-05-19,26년_신년_검색프로모션,브랜드,자동차보험견적,모바일,20대,여,07시,텍스트,10451,152,212344,1.45,1397,3.7
2026-05-19,26년_신년_검색프로모션,특약보험료,온라인자동차보험,모바일,20대,여,19시,텍스트,2659,98,328006,3.69,3347,2.9
2026-05-20,25년_다이렉트_검색_1차,브랜드,온라인자동차보험,모바일,20대,남,14시,텍스트,2253,33,104016,1.46,3152,2.7
2026-05-20,25년_다이렉트_검색_1차,신규가입,온라인자동차보험,모바일,50대이상,여,14시,이미지,9783,352,1077472,3.6,3061,1.3
2026-05-20,25년_다이렉트_검색_1차,신규가입,자동차보험,모바일,20대,여,23시,텍스트,9532,248,624712,2.6,2519,1.4
2026-05-20,25년_다이렉트_검색_2차,브랜드,자동차보험료비교,PC,30대,남,22시,확장소재,13222,424,588088,3.21,1387,1.4
2026-05-20,25년_다이렉트_검색_2차,일반보험료,다이렉트자동차보험,PC,30대,여,07시,이미지,2133,23,22931,1.08,997,4.0
2026-05-20,25년_다이렉트_검색_2차,특약보험료,다이렉트자동차보험,모바일,50대이상,여,15시,텍스트,5213,96,196128,1.84,2043,2.1
2026-05-20,25년_다이렉트_검색_2차,특약보험료,온라인자동차보험,모바일,30대,남,14시,확장소재,15852,625,1960000,3.94,3136,2.9
2026-05-20,26년_다이렉트_브랜드검색,브랜드,온라인자동차보험,모바일,50대이상,남,09시,텍스트,5605,233,805947,4.16,3459,3.7
2026-05-20,26년_신년_검색프로모션,일반보험료,다이렉트자동차보험,모바일,30대,여,19시,텍스트,14789,519,1022949,3.51,1971,1.6
2026-05-21,25년_다이렉트_검색_1차,브랜드,온라인자동차보험,PC,50대이상,남,09시,텍스트,6046,221,244426,3.66,1106,1.8
2026-05-21,25년_다이렉트_검색_1차,브랜드,자동차보험견적,PC,50대이상,여,21시,확장소재,14437,205,683265,1.42,3333,1.7
2026-05-21,25년_다이렉트_검색_1차,특약보험료,온라인자동차보험,모바일,30대,남,21시,확장소재,8578,359,691793,4.19,1927,2.9
2026-05-21,25년_다이렉트_검색_1차,특약보험료,자동차보험,PC,40대,남,18시,이미지,11705,512,1336320,4.37,2610,4.1
2026-05-21,25년_다이렉트_검색_2차,신규가입,온라인자동차보험,PC,50대이상,남,16시,이미지,726,10,10640,1.38,1064,3.9
2026-05-21,25년_다이렉트_검색_2차,특약보험료,온라인자동차보험,PC,40대,여,12시,확장소재,2613,27,56079,1.03,2077,2.3
2026-05-21,26년_다이렉트_브랜드검색,신규가입,자동차보험,모바일,50대이상,남,07시,이미지,2029,48,50208,2.37,1046,1.6
2026-05-21,26년_다이렉트_브랜드검색,신규가입,자동차보험견적,모바일,40대,남,19시,이미지,4330,79,240002,1.82,3038,2.3
2026-05-21,26년_신년_검색프로모션,브랜드,온라인자동차보험,모바일,40대,남,11시,텍스트,13076,165,514635,1.26,3119,1.6
2026-05-21,26년_신년_검색프로모션,브랜드,자동차보험,모바일,20대,여,16시,이미지,12828,453,515061,3.53,1137,3.7
2026-05-21,26년_신년_검색프로모션,특약보험료,다이렉트자동차보험,모바일,50대이상,남,06시,텍스트,19388,411,842139,2.12,2049,3.9
2026-05-22,25년_다이렉트_검색_2차,브랜드,자동차보험,모바일,20대,여,19시,이미지,9531,121,300322,1.27,2482,4.4
2026-05-22,25년_다이렉트_검색_2차,신규가입,자동차보험견적,모바일,20대,여,10시,확장소재,10385,247,389766,2.38,1578,4.5
2026-05-22,25년_다이렉트_검색_2차,일반보험료,자동차보험,모바일,40대,여,20시,이미지,18851,644,1448356,3.42,2249,3.5
2026-05-22,25년_다이렉트_검색_2차,특약보험료,자동차보험,모바일,20대,남,18시,텍스트,7216,183,279807,2.54,1529,4.2
2026-05-22,26년_다이렉트_브랜드검색,브랜드,온라인자동차보험,모바일,20대,여,16시,텍스트,14640,154,510048,1.05,3312,2.0
2026-05-22,26년_다이렉트_브랜드검색,브랜드,자동차보험,모바일,50대이상,남,20시,이미지,2544,69,188232,2.71,2728,3.4
2026-05-22,26년_다이렉트_브랜드검색,일반보험료,자동차보험료비교,PC,30대,여,09시,확장소재,17410,527,1514071,3.03,2873,1.7
2026-05-22,26년_다이렉트_브랜드검색,특약보험료,자동차보험료비교,모바일,40대,남,07시,이미지,892,33,54252,3.7,1644,4.2
2026-05-22,26년_신년_검색프로모션,일반보험료,자동차보험,모바일,50대이상,남,21시,텍스트,540,5,4335,0.93,867,4.1
2026-05-22,26년_신년_검색프로모션,특약보험료,자동차보험,모바일,30대,남,13시,확장소재,5910,145,387875,2.45,2675,1.9
2026-05-22,26년_신년_검색프로모션,특약보험료,자동차보험료비교,모바일,40대,남,06시,확장소재,1271,28,38584,2.2,1378,3.4
2026-05-23,25년_다이렉트_검색_1차,신규가입,자동차보험료비교,PC,40대,남,19시,텍스트,3366,136,133552,4.04,982,4.1
2026-05-23,25년_다이렉트_검색_1차,일반보험료,자동차보험,PC,20대,여,12시,이미지,8710,202,253510,2.32,1255,3.4
2026-05-23,25년_다이렉트_검색_1차,특약보험료,다이렉트자동차보험,모바일,30대,여,06시,확장소재,13646,110,360580,0.81,3278,1.4
2026-05-23,25년_다이렉트_검색_2차,브랜드,온라인자동차보험,PC,30대,여,08시,확장소재,3158,34,99280,1.08,2920,2.2
2026-05-23,25년_다이렉트_검색_2차,일반보험료,다이렉트자동차보험,PC,20대,여,08시,이미지,9601,302,713626,3.15,2363,1.8
2026-05-23,26년_다이렉트_브랜드검색,신규가입,자동차보험,PC,40대,여,14시,이미지,2274,53,101071,2.33,1907,4.2
2026-05-23,26년_다이렉트_브랜드검색,신규가입,자동차보험견적,모바일,30대,여,23시,확장소재,16890,224,535584,1.33,2391,3.7
2026-05-23,26년_다이렉트_브랜드검색,일반보험료,자동차보험,PC,40대,여,11시,텍스트,19350,476,1331848,2.46,2798,1.3
2026-05-23,26년_다이렉트_브랜드검색,특약보험료,온라인자동차보험,PC,50대이상,남,12시,이미지,3634,42,143094,1.16,3407,1.2
2026-05-23,26년_다이렉트_브랜드검색,특약보험료,자동차보험,모바일,20대,여,10시,텍스트,17224,417,626751,2.42,1503,2.9
2026-05-23,26년_신년_검색프로모션,브랜드,다이렉트자동차보험,PC,50대이상,여,17시,이미지,12238,283,457328,2.31,1616,1.5
2026-05-24,25년_다이렉트_검색_1차,신규가입,자동차보험견적,모바일,30대,남,18시,확장소재,15352,392,1180312,2.55,3011,4.2
2026-05-24,25년_다이렉트_검색_2차,신규가입,자동차보험,모바일,50대이상,남,08시,텍스트,11681,386,909416,3.3,2356,4.4
2026-05-24,26년_다이렉트_브랜드검색,신규가입,자동차보험료비교,모바일,30대,여,18시,확장소재,16348,465,541260,2.84,1164,3.7
2026-05-24,26년_다이렉트_브랜드검색,일반보험료,다이렉트자동차보험,모바일,50대이상,여,22시,확장소재,12521,466,594150,3.72,1275,1.4
2026-05-24,26년_다이렉트_브랜드검색,특약보험료,온라인자동차보험,모바일,20대,남,21시,이미지,1285,49,157584,3.81,3216,1.5
2026-05-24,26년_신년_검색프로모션,일반보험료,온라인자동차보험,모바일,30대,남,19시,이미지,18784,825,1814175,4.39,2199,4.4
2026-05-24,26년_신년_검색프로모션,특약보험료,자동차보험,PC,50대이상,여,10시,확장소재,13783,315,982800,2.29,3120,3.6
2026-05-24,26년_신년_검색프로모션,특약보험료,자동차보험견적,PC,30대,남,10시,이미지,12326,109,288850,0.88,2650,1.7
2026-05-25,25년_다이렉트_검색_1차,브랜드,온라인자동차보험,모바일,30대,여,18시,확장소재,9049,172,426560,1.9,2480,2.9
2026-05-25,25년_다이렉트_검색_1차,브랜드,자동차보험료비교,모바일,20대,여,10시,텍스트,17579,484,395912,2.75,818,1.9
2026-05-25,25년_다이렉트_검색_1차,신규가입,온라인자동차보험,모바일,20대,남,07시,텍스트,16243,543,1528002,3.34,2814,1.4
2026-05-25,25년_다이렉트_검색_1차,신규가입,자동차보험료비교,PC,40대,남,18시,확장소재,16188,165,525360,1.02,3184,4.0
2026-05-25,25년_다이렉트_검색_2차,신규가입,다이렉트자동차보험,모바일,30대,여,13시,이미지,2056,32,67328,1.56,2104,1.6
2026-05-25,25년_다이렉트_검색_2차,특약보험료,다이렉트자동차보험,모바일,30대,여,21시,이미지,19651,711,583731,3.62,821,3.5
2026-05-25,25년_다이렉트_검색_2차,특약보험료,자동차보험료비교,모바일,20대,여,20시,확장소재,6367,228,314868,3.58,1381,3.1
2026-05-25,26년_신년_검색프로모션,브랜드,자동차보험료비교,PC,40대,남,20시,확장소재,7142,209,525426,2.93,2514,4.2
2026-05-25,26년_신년_검색프로모션,브랜드,자동차보험료비교,모바일,30대,남,13시,확장소재,10459,446,1353610,4.26,3035,3.4
2026-05-25,26년_신년_검색프로모션,일반보험료,자동차보험견적,모바일,40대,남,22시,텍스트,3451,64,91584,1.85,1431,2.5
2026-05-26,25년_다이렉트_검색_1차,브랜드,온라인자동차보험,PC,40대,남,22시,이미지,5023,146,236228,2.91,1618,2.6
2026-05-26,25년_다이렉트_검색_1차,브랜드,자동차보험견적,모바일,40대,남,09시,이미지,17558,460,1360680,2.62,2958,2.3
2026-05-26,25년_다이렉트_검색_1차,특약보험료,자동차보험,PC,50대이상,남,18시,텍스트,15733,249,280872,1.58,1128,4.1
2026-05-26,25년_다이렉트_검색_1차,특약보험료,자동차보험견적,모바일,20대,여,07시,이미지,4713,174,593688,3.69,3412,2.1
2026-05-26,25년_다이렉트_검색_2차,브랜드,자동차보험,PC,50대이상,남,16시,확장소재,15109,532,1688036,3.52,3173,3.3
2026-05-26,25년_다이렉트_검색_2차,브랜드,자동차보험료비교,PC,20대,남,16시,확장소재,14587,118,374296,0.81,3172,4.3
2026-05-26,26년_다이렉트_브랜드검색,브랜드,자동차보험견적,모바일,30대,남,10시,이미지,13218,567,1437912,4.29,2536,1.5
2026-05-26,26년_다이렉트_브랜드검색,일반보험료,온라인자동차보험,PC,40대,남,18시,이미지,1878,46,114126,2.45,2481,3.3
2026-05-26,26년_다이렉트_브랜드검색,일반보험료,자동차보험,PC,40대,남,23시,이미지,12737,517,596101,4.06,1153,3.6
2026-05-26,26년_다이렉트_브랜드검색,특약보험료,온라인자동차보험,모바일,20대,남,13시,이미지,15873,399,722589,2.51,1811,2.2
2026-05-26,26년_신년_검색프로모션,일반보험료,자동차보험견적,PC,40대,남,10시,텍스트,12591,395,1374205,3.14,3479,3.4
2026-05-27,25년_다이렉트_검색_1차,신규가입,자동차보험견적,PC,50대이상,여,23시,확장소재,1602,16,32656,1.0,2041,3.1
2026-05-27,25년_다이렉트_검색_1차,일반보험료,다이렉트자동차보험,모바일,40대,남,11시,이미지,19627,673,2216189,3.43,3293,3.1
2026-05-27,25년_다이렉트_검색_1차,일반보험료,자동차보험료비교,PC,50대이상,여,08시,텍스트,19091,787,805888,4.12,1024,3.2
2026-05-27,25년_다이렉트_검색_1차,특약보험료,온라인자동차보험,모바일,20대,여,17시,확장소재,15993,385,985215,2.41,2559,2.2
2026-05-27,25년_다이렉트_검색_2차,신규가입,자동차보험견적,모바일,30대,남,20시,이미지,4714,172,569664,3.65,3312,2.9
2026-05-27,25년_다이렉트_검색_2차,일반보험료,다이렉트자동차보험,PC,40대,남,17시,이미지,12191,502,712338,4.12,1419,4.0
2026-05-27,25년_다이렉트_검색_2차,일반보험료,다이렉트자동차보험,모바일,30대,남,07시,확장소재,16741,138,364734,0.82,2643,2.0
2026-05-27,25년_다이렉트_검색_2차,일반보험료,다이렉트자동차보험,모바일,30대,남,13시,텍스트,1119,41,121852,3.66,2972,4.3
2026-05-27,26년_다이렉트_브랜드검색,특약보험료,자동차보험견적,PC,40대,여,08시,이미지,6920,301,1036945,4.35,3445,3.7
2026-05-27,26년_신년_검색프로모션,브랜드,온라인자동차보험,모바일,20대,남,14시,이미지,13879,310,866140,2.23,2794,2.1
2026-05-27,26년_신년_검색프로모션,일반보험료,다이렉트자동차보험,PC,20대,여,18시,확장소재,17161,369,883386,2.15,2394,3.6
2026-05-28,25년_다이렉트_검색_1차,신규가입,다이렉트자동차보험,PC,30대,남,23시,텍스트,9671,109,264761,1.13,2429,4.2
2026-05-28,25년_다이렉트_검색_1차,신규가입,다이렉트자동차보험,PC,50대이상,남,19시,확장소재,11021,430,830760,3.9,1932,2.4
2026-05-28,25년_다이렉트_검색_2차,브랜드,다이렉트자동차보험,모바일,40대,여,21시,확장소재,8655,365,1101570,4.22,3018,1.4
2026-05-28,25년_다이렉트_검색_2차,브랜드,온라인자동차보험,PC,30대,남,09시,이미지,15589,242,246840,1.55,1020,2.0
2026-05-28,25년_다이렉트_검색_2차,특약보험료,자동차보험료비교,PC,30대,남,06시,텍스트,11628,266,658616,2.29,2476,1.2
2026-05-28,26년_다이렉트_브랜드검색,특약보험료,자동차보험견적,PC,50대이상,여,15시,확장소재,17576,373,1182783,2.12,3171,4.0
2026-05-28,26년_다이렉트_브랜드검색,특약보험료,자동차보험견적,모바일,30대,여,14시,텍스트,10711,183,340746,1.71,1862,3.8
2026-05-28,26년_신년_검색프로모션,일반보험료,다이렉트자동차보험,PC,50대이상,남,07시,텍스트,14708,340,285260,2.31,839,1.4
2026-05-28,26년_신년_검색프로모션,일반보험료,자동차보험견적,모바일,50대이상,남,16시,확장소재,14712,137,304688,0.93,2224,1.7
2026-05-29,25년_다이렉트_검색_1차,브랜드,자동차보험료비교,PC,30대,남,20시,확장소재,10444,150,285600,1.44,1904,4.3
2026-05-29,25년_다이렉트_검색_1차,신규가입,온라인자동차보험,모바일,50대이상,여,11시,확장소재,14426,277,280047,1.92,1011,2.0
2026-05-29,25년_다이렉트_검색_2차,신규가입,자동차보험,PC,40대,남,10시,이미지,4051,38,127376,0.94,3352,2.4
2026-05-29,25년_다이렉트_검색_2차,특약보험료,온라인자동차보험,모바일,50대이상,남,08시,텍스트,18545,384,599808,2.07,1562,1.4
2026-05-29,26년_다이렉트_브랜드검색,신규가입,다이렉트자동차보험,모바일,30대,여,07시,확장소재,5641,127,354457,2.25,2791,3.4
2026-05-29,26년_신년_검색프로모션,일반보험료,자동차보험견적,모바일,20대,여,11시,텍스트,17162,728,1209936,4.24,1662,1.6
2026-05-29,26년_신년_검색프로모션,특약보험료,온라인자동차보험,모바일,50대이상,여,09시,이미지,18787,541,1639230,2.88,3030,3.0
2026-05-29,26년_신년_검색프로모션,특약보험료,자동차보험,PC,30대,여,20시,이미지,18733,359,598812,1.92,1668,3.6
2026-05-30,25년_다이렉트_검색_1차,일반보험료,자동차보험료비교,모바일,40대,여,21시,확장소재,11078,264,600864,2.38,2276,3.6
2026-05-30,25년_다이렉트_검색_1차,특약보험료,자동차보험료비교,모바일,20대,여,23시,텍스트,17023,527,693532,3.1,1316,3.6
2026-05-30,25년_다이렉트_검색_2차,특약보험료,자동차보험,PC,20대,여,14시,텍스트,6288,277,877813,4.41,3169,4.4
2026-05-30,26년_다이렉트_브랜드검색,브랜드,온라인자동차보험,PC,20대,남,17시,이미지,12389,480,669120,3.87,1394,3.3
2026-05-30,26년_신년_검색프로모션,브랜드,다이렉트자동차보험,PC,30대,여,16시,확장소재,7662,232,683240,3.03,2945,2.8
2026-05-30,26년_신년_검색프로모션,브랜드,자동차보험료비교,모바일,20대,남,11시,텍스트,3990,33,86592,0.83,2624,4.4
2026-05-30,26년_신년_검색프로모션,신규가입,자동차보험,PC,20대,여,12시,이미지,4231,139,455225,3.29,3275,2.2
2026-05-30,26년_신년_검색프로모션,신규가입,자동차보험료비교,모바일,50대이상,여,23시,확장소재,12753,278,347778,2.18,1251,4.4
2026-05-31,25년_다이렉트_검색_1차,신규가입,다이렉트자동차보험,PC,30대,남,07시,이미지,16846,403,1206985,2.39,2995,3.2
2026-05-31,25년_다이렉트_검색_1차,신규가입,온라인자동차보험,PC,40대,남,20시,확장소재,8867,289,474249,3.26,1641,1.2
2026-05-31,25년_다이렉트_검색_2차,브랜드,자동차보험료비교,모바일,20대,여,09시,텍스트,8975,280,308000,3.12,1100,3.1
2026-05-31,25년_다이렉트_검색_2차,신규가입,자동차보험료비교,PC,50대이상,남,18시,이미지,2051,22,46794,1.07,2127,2.3
2026-05-31,26년_다이렉트_브랜드검색,브랜드,자동차보험견적,PC,40대,여,09시,이미지,9869,242,392040,2.45,1620,4.3
2026-05-31,26년_다이렉트_브랜드검색,브랜드,자동차보험견적,PC,50대이상,남,22시,텍스트,3462,103,86726,2.98,842,3.3
2026-05-31,26년_다이렉트_브랜드검색,특약보험료,다이렉트자동차보험,PC,50대이상,여,23시,확장소재,18757,696,865824,3.71,1244,4.1
2026-05-31,26년_신년_검색프로모션,신규가입,온라인자동차보험,PC,40대,여,07시,텍스트,1806,59,75520,3.27,1280,3.4
2026-05-31,26년_신년_검색프로모션,일반보험료,자동차보험견적,PC,30대,남,12시,텍스트,1514,53,137747,3.5,2599,1.4
2026-05-31,26년_신년_검색프로모션,특약보험료,자동차보험료비교,모바일,20대,여,08시,이미지,5619,96,272640,1.71,2840,1.3
2026-06-01,25년_다이렉트_검색_1차,브랜드,자동차보험견적,PC,50대이상,여,15시,텍스트,14887,599,1540628,4.02,2572,2.2
2026-06-01,25년_다이렉트_검색_1차,브랜드,자동차보험견적,모바일,20대,남,15시,텍스트,13761,115,105800,0.84,920,2.1
2026-06-01,25년_다이렉트_검색_1차,신규가입,자동차보험견적,모바일,20대,남,21시,텍스트,692,6,7968,0.87,1328,4.0
2026-06-01,25년_다이렉트_검색_1차,일반보험료,다이렉트자동차보험,모바일,20대,남,12시,이미지,11664,282,466710,2.42,1655,3.5
2026-06-01,25년_다이렉트_검색_1차,일반보험료,자동차보험견적,모바일,40대,남,19시,확장소재,11204,232,756552,2.07,3261,2.6
2026-06-01,25년_다이렉트_검색_2차,브랜드,온라인자동차보험,PC,40대,여,15시,확장소재,3168,122,195444,3.85,1602,3.9
2026-06-01,25년_다이렉트_검색_2차,일반보험료,자동차보험료비교,모바일,40대,여,14시,이미지,11587,468,952848,4.04,2036,4.2
2026-06-01,26년_다이렉트_브랜드검색,특약보험료,자동차보험,모바일,30대,남,16시,이미지,6020,213,297348,3.54,1396,3.6
2026-06-01,26년_다이렉트_브랜드검색,특약보험료,자동차보험견적,모바일,50대이상,남,18시,텍스트,9140,141,306957,1.54,2177,2.6
2026-06-01,26년_신년_검색프로모션,브랜드,자동차보험료비교,모바일,30대,남,20시,이미지,2173,68,62152,3.13,914,1.9
2026-06-01,26년_신년_검색프로모션,신규가입,자동차보험,모바일,30대,남,08시,이미지,12674,452,1124124,3.57,2487,3.2
2026-06-01,26년_신년_검색프로모션,특약보험료,자동차보험견적,모바일,40대,여,09시,확장소재,16946,318,623916,1.88,1962,3.2
2026-06-02,25년_다이렉트_검색_1차,브랜드,다이렉트자동차보험,PC,50대이상,여,11시,확장소재,4734,51,68391,1.08,1341,3.3
2026-06-02,25년_다이렉트_검색_1차,신규가입,다이렉트자동차보험,모바일,30대,여,17시,이미지,553,12,16980,2.17,1415,2.2
2026-06-02,25년_다이렉트_검색_1차,신규가입,온라인자동차보험,모바일,50대이상,남,15시,텍스트,11564,512,451072,4.43,881,2.4
2026-06-02,25년_다이렉트_검색_2차,브랜드,온라인자동차보험,모바일,30대,남,17시,텍스트,16296,621,2008935,3.81,3235,2.7
2026-06-02,25년_다이렉트_검색_2차,브랜드,자동차보험,모바일,50대이상,여,14시,이미지,9777,382,1220490,3.91,3195,3.3
2026-06-02,25년_다이렉트_검색_2차,신규가입,온라인자동차보험,모바일,20대,남,11시,텍스트,3354,110,366520,3.28,3332,1.9
2026-06-02,25년_다이렉트_검색_2차,일반보험료,자동차보험견적,PC,30대,여,15시,이미지,11466,348,908976,3.04,2612,3.4
2026-06-02,26년_다이렉트_브랜드검색,브랜드,자동차보험,모바일,50대이상,여,11시,텍스트,19445,251,293670,1.29,1170,3.9
2026-06-02,26년_다이렉트_브랜드검색,신규가입,자동차보험견적,모바일,50대이상,여,19시,이미지,4248,74,140082,1.74,1893,2.6
2026-06-02,26년_다이렉트_브랜드검색,일반보험료,자동차보험견적,모바일,40대,남,07시,텍스트,1004,40,130880,3.98,3272,2.8
2026-06-02,26년_다이렉트_브랜드검색,특약보험료,자동차보험료비교,모바일,20대,여,11시,확장소재,2603,40,50160,1.54,1254,4.5
2026-06-02,26년_신년_검색프로모션,신규가입,온라인자동차보험,모바일,50대이상,남,16시,확장소재,14505,507,425373,3.5,839,1.4
2026-06-02,26년_신년_검색프로모션,일반보험료,다이렉트자동차보험,PC,30대,남,09시,확장소재,12726,401,782752,3.15,1952,2.9
2026-06-03,25년_다이렉트_검색_1차,브랜드,온라인자동차보험,PC,40대,남,17시,텍스트,7274,224,454720,3.08,2030,4.0
2026-06-03,25년_다이렉트_검색_1차,신규가입,자동차보험료비교,모바일,20대,여,23시,확장소재,14711,586,1767962,3.98,3017,3.6
2026-06-03,25년_다이렉트_검색_2차,브랜드,자동차보험견적,모바일,40대,남,10시,확장소재,5895,171,469053,2.9,2743,2.5
2026-06-03,25년_다이렉트_검색_2차,신규가입,자동차보험,PC,40대,남,10시,이미지,17859,713,1470206,3.99,2062,3.5
2026-06-03,25년_다이렉트_검색_2차,일반보험료,다이렉트자동차보험,PC,30대,남,21시,이미지,10302,308,849772,2.99,2759,3.2
2026-06-03,26년_다이렉트_브랜드검색,신규가입,자동차보험견적,모바일,20대,남,08시,확장소재,9806,371,1226155,3.78,3305,1.2
2026-06-03,26년_다이렉트_브랜드검색,일반보험료,자동차보험견적,PC,30대,남,22시,이미지,5127,223,778270,4.35,3490,3.3
2026-06-03,26년_신년_검색프로모션,일반보험료,온라인자동차보험,PC,20대,남,16시,이미지,12118,517,779636,4.27,1508,4.1
2026-06-03,26년_신년_검색프로모션,특약보험료,다이렉트자동차보험,PC,20대,여,09시,확장소재,14782,125,163375,0.85,1307,3.4
2026-06-03,26년_신년_검색프로모션,특약보험료,자동차보험,모바일,40대,남,16시,확장소재,10441,307,273844,2.94,892,4.3
2026-06-03,26년_신년_검색프로모션,특약보험료,자동차보험료비교,모바일,20대,여,12시,텍스트,4216,42,57540,1.0,1370,3.5
2026-06-04,25년_다이렉트_검색_1차,일반보험료,자동차보험,PC,50대이상,여,19시,확장소재,3035,46,75808,1.52,1648,3.9
2026-06-04,25년_다이렉트_검색_1차,특약보험료,자동차보험견적,PC,30대,여,15시,확장소재,14619,178,184230,1.22,1035,2.1
2026-06-04,26년_다이렉트_브랜드검색,브랜드,다이렉트자동차보험,PC,30대,여,15시,확장소재,2046,76,143944,3.71,1894,1.9
2026-06-04,26년_다이렉트_브랜드검색,브랜드,다이렉트자동차보험,모바일,50대이상,남,12시,확장소재,4415,114,231876,2.58,2034,3.4
2026-06-04,26년_다이렉트_브랜드검색,브랜드,온라인자동차보험,모바일,30대,남,22시,텍스트,15027,443,995421,2.95,2247,2.2
2026-06-04,26년_다이렉트_브랜드검색,일반보험료,온라인자동차보험,모바일,30대,남,23시,텍스트,19037,373,867598,1.96,2326,4.0
2026-06-04,26년_다이렉트_브랜드검색,특약보험료,다이렉트자동차보험,PC,40대,남,16시,이미지,17920,184,542432,1.03,2948,1.8
2026-06-04,26년_신년_검색프로모션,특약보험료,자동차보험견적,모바일,20대,여,23시,확장소재,8157,313,924289,3.84,2953,2.1
2026-06-05,25년_다이렉트_검색_1차,브랜드,온라인자동차보험,모바일,30대,여,10시,확장소재,12891,548,803916,4.25,1467,3.2
2026-06-05,25년_다이렉트_검색_1차,신규가입,자동차보험견적,PC,20대,여,13시,이미지,8612,268,304448,3.11,1136,1.7
2026-06-05,25년_다이렉트_검색_1차,일반보험료,자동차보험료비교,PC,30대,남,17시,텍스트,1219,22,71918,1.8,3269,4.4
2026-06-05,25년_다이렉트_검색_1차,특약보험료,자동차보험,PC,20대,여,14시,이미지,7271,238,791588,3.27,3326,1.6
2026-06-05,25년_다이렉트_검색_2차,일반보험료,자동차보험,모바일,50대이상,여,13시,확장소재,3803,58,97556,1.53,1682,3.7
2026-06-05,25년_다이렉트_검색_2차,특약보험료,다이렉트자동차보험,모바일,20대,남,21시,확장소재,9604,327,265524,3.4,812,3.7
2026-06-05,26년_다이렉트_브랜드검색,브랜드,다이렉트자동차보험,모바일,50대이상,여,17시,확장소재,5391,95,95855,1.76,1009,4.5
2026-06-05,26년_다이렉트_브랜드검색,브랜드,온라인자동차보험,모바일,20대,여,08시,확장소재,13883,302,753490,2.18,2495,2.1
2026-06-05,26년_다이렉트_브랜드검색,브랜드,온라인자동차보험,모바일,30대,남,08시,이미지,12439,542,599994,4.36,1107,3.4
2026-06-05,26년_다이렉트_브랜드검색,일반보험료,자동차보험,PC,40대,남,16시,텍스트,13733,271,350132,1.97,1292,3.9
2026-06-05,26년_신년_검색프로모션,신규가입,자동차보험견적,모바일,20대,여,21시,확장소재,12449,380,423320,3.05,1114,2.0
2026-06-05,26년_신년_검색프로모션,일반보험료,자동차보험,모바일,20대,여,13시,확장소재,3286,117,244296,3.56,2088,2.3
2026-06-05,26년_신년_검색프로모션,특약보험료,온라인자동차보험,PC,40대,남,09시,텍스트,12600,182,354900,1.44,1950,1.9
2026-06-06,25년_다이렉트_검색_1차,브랜드,다이렉트자동차보험,모바일,20대,여,16시,확장소재,14891,169,282061,1.13,1669,1.9
2026-06-06,25년_다이렉트_검색_1차,특약보험료,자동차보험견적,PC,40대,여,19시,확장소재,6052,232,531744,3.83,2292,3.6
2026-06-06,25년_다이렉트_검색_2차,신규가입,다이렉트자동차보험,모바일,20대,여,20시,이미지,6578,189,427329,2.87,2261,2.6
2026-06-06,25년_다이렉트_검색_2차,신규가입,온라인자동차보험,PC,40대,여,08시,이미지,9675,119,347123,1.23,2917,4.2
2026-06-06,26년_다이렉트_브랜드검색,신규가입,자동차보험료비교,모바일,20대,여,10시,이미지,10678,247,737295,2.31,2985,2.3
2026-06-06,26년_신년_검색프로모션,브랜드,다이렉트자동차보험,모바일,20대,여,13시,이미지,3858,52,69472,1.35,1336,4.2
2026-06-06,26년_신년_검색프로모션,일반보험료,자동차보험견적,PC,50대이상,여,20시,이미지,9720,119,394009,1.22,3311,3.8
2026-06-06,26년_신년_검색프로모션,특약보험료,자동차보험,PC,30대,여,08시,이미지,7495,270,239220,3.6,886,2.2
2026-06-07,25년_다이렉트_검색_1차,일반보험료,자동차보험,모바일,30대,여,08시,텍스트,10850,317,494520,2.92,1560,3.1
2026-06-07,25년_다이렉트_검색_1차,일반보험료,자동차보험료비교,모바일,40대,여,09시,확장소재,11626,313,430062,2.69,1374,4.3
2026-06-07,25년_다이렉트_검색_1차,특약보험료,온라인자동차보험,PC,20대,남,19시,이미지,11768,229,272281,1.95,1189,1.7
2026-06-07,25년_다이렉트_검색_2차,신규가입,온라인자동차보험,모바일,50대이상,여,09시,텍스트,11137,203,256186,1.82,1262,2.5
2026-06-07,25년_다이렉트_검색_2차,신규가입,자동차보험,모바일,40대,남,07시,확장소재,19168,656,1029920,3.42,1570,2.0
2026-06-07,25년_다이렉트_검색_2차,일반보험료,다이렉트자동차보험,모바일,30대,남,13시,이미지,11089,310,761670,2.8,2457,2.0
2026-06-07,26년_다이렉트_브랜드검색,일반보험료,자동차보험견적,PC,40대,여,07시,확장소재,4698,148,337588,3.15,2281,2.2
2026-06-07,26년_다이렉트_브랜드검색,특약보험료,자동차보험,PC,40대,여,09시,텍스트,10783,411,879540,3.81,2140,2.6
2026-06-07,26년_다이렉트_브랜드검색,특약보험료,자동차보험견적,PC,30대,남,19시,이미지,5124,146,361496,2.85,2476,1.5
2026-06-07,26년_다이렉트_브랜드검색,특약보험료,자동차보험료비교,모바일,40대,남,09시,확장소재,9917,289,1003119,2.91,3471,4.1
2026-06-07,26년_신년_검색프로모션,신규가입,온라인자동차보험,모바일,30대,남,22시,확장소재,13442,517,552156,3.85,1068,2.7
2026-06-08,25년_다이렉트_검색_1차,브랜드,온라인자동차보험,모바일,40대,여,14시,확장소재,10773,163,265527,1.51,1629,4.4
2026-06-08,25년_다이렉트_검색_1차,특약보험료,자동차보험료비교,PC,20대,남,10시,확장소재,12033,402,1189920,3.34,2960,2.2
2026-06-08,25년_다이렉트_검색_1차,특약보험료,자동차보험료비교,모바일,20대,남,15시,확장소재,16760,665,2195165,3.97,3301,2.7
2026-06-08,25년_다이렉트_검색_2차,신규가입,자동차보험료비교,모바일,20대,남,18시,확장소재,1548,50,45750,3.23,915,2.3
2026-06-08,25년_다이렉트_검색_2차,특약보험료,온라인자동차보험,모바일,50대이상,남,16시,텍스트,19214,556,1622964,2.89,2919,4.2
2026-06-08,26년_다이렉트_브랜드검색,브랜드,다이렉트자동차보험,모바일,20대,여,09시,이미지,14471,508,828040,3.51,1630,2.4
2026-06-08,26년_다이렉트_브랜드검색,일반보험료,다이렉트자동차보험,PC,30대,여,19시,이미지,12817,470,1323990,3.67,2817,1.8
2026-06-08,26년_신년_검색프로모션,브랜드,온라인자동차보험,PC,20대,여,12시,이미지,15097,557,718530,3.69,1290,2.2
2026-06-08,26년_신년_검색프로모션,브랜드,온라인자동차보험,모바일,40대,남,15시,텍스트,17853,580,1278320,3.25,2204,2.7
2026-06-08,26년_신년_검색프로모션,신규가입,자동차보험,모바일,40대,여,08시,텍스트,3441,138,409584,4.01,2968,2.6
2026-06-08,26년_신년_검색프로모션,특약보험료,자동차보험견적,모바일,40대,여,10시,이미지,18711,715,1901900,3.82,2660,1.5
2026-06-09,25년_다이렉트_검색_1차,일반보험료,다이렉트자동차보험,PC,50대이상,남,07시,확장소재,10901,161,460299,1.48,2859,2.3
2026-06-09,25년_다이렉트_검색_1차,특약보험료,다이렉트자동차보험,PC,50대이상,여,22시,이미지,14150,628,682636,4.44,1087,3.2
2026-06-09,25년_다이렉트_검색_2차,브랜드,자동차보험료비교,모바일,30대,여,08시,텍스트,12063,132,347556,1.09,2633,2.7
2026-06-09,26년_다이렉트_브랜드검색,특약보험료,다이렉트자동차보험,모바일,20대,남,17시,텍스트,14246,402,1140474,2.82,2837,2.2
2026-06-09,26년_다이렉트_브랜드검색,특약보험료,다이렉트자동차보험,모바일,50대이상,여,17시,이미지,13658,362,1255778,2.65,3469,1.5
2026-06-09,26년_다이렉트_브랜드검색,특약보험료,자동차보험견적,모바일,30대,여,18시,이미지,9135,391,1000960,4.28,2560,3.3
2026-06-09,26년_신년_검색프로모션,브랜드,온라인자동차보험,모바일,50대이상,남,16시,이미지,820,26,52104,3.17,2004,3.7
2026-06-09,26년_신년_검색프로모션,일반보험료,다이렉트자동차보험,모바일,50대이상,여,11시,텍스트,7862,157,523909,2.0,3337,4.1
2026-06-09,26년_신년_검색프로모션,특약보험료,다이렉트자동차보험,PC,20대,여,16시,텍스트,15975,525,1726200,3.29,3288,1.7
2026-06-09,26년_신년_검색프로모션,특약보험료,다이렉트자동차보험,PC,50대이상,남,22시,텍스트,3678,67,114302,1.82,1706,3.0
2026-06-10,25년_다이렉트_검색_1차,신규가입,자동차보험견적,PC,40대,여,17시,텍스트,7993,239,462465,2.99,1935,1.6
2026-06-10,25년_다이렉트_검색_1차,일반보험료,자동차보험,PC,50대이상,여,16시,확장소재,10226,289,804865,2.83,2785,3.2
2026-06-10,25년_다이렉트_검색_2차,일반보험료,자동차보험견적,모바일,40대,여,13시,확장소재,6419,244,361120,3.8,1480,2.7
2026-06-10,25년_다이렉트_검색_2차,특약보험료,자동차보험견적,모바일,40대,여,08시,텍스트,1364,11,23958,0.81,2178,2.4
2026-06-10,26년_다이렉트_브랜드검색,신규가입,자동차보험료비교,모바일,40대,남,09시,텍스트,18127,747,1535085,4.12,2055,3.0
2026-06-10,26년_다이렉트_브랜드검색,일반보험료,온라인자동차보험,모바일,50대이상,여,11시,확장소재,7689,211,459769,2.74,2179,3.2
2026-06-10,26년_다이렉트_브랜드검색,일반보험료,자동차보험견적,모바일,20대,남,09시,확장소재,8606,368,825792,4.28,2244,1.3
2026-06-10,26년_다이렉트_브랜드검색,특약보험료,온라인자동차보험,모바일,40대,남,06시,이미지,14445,335,757435,2.32,2261,3.0
2026-06-10,26년_다이렉트_브랜드검색,특약보험료,온라인자동차보험,모바일,50대이상,남,18시,이미지,14583,346,335620,2.37,970,1.8
2026-06-10,26년_신년_검색프로모션,신규가입,자동차보험,모바일,40대,여,20시,텍스트,4542,125,319125,2.75,2553,1.4
2026-06-10,26년_신년_검색프로모션,신규가입,자동차보험견적,모바일,50대이상,남,21시,확장소재,2535,71,117647,2.8,1657,1.6
2026-06-10,26년_신년_검색프로모션,특약보험료,다이렉트자동차보험,PC,40대,남,11시,이미지,12754,133,346066,1.04,2602,3.3
2026-06-10,26년_신년_검색프로모션,특약보험료,온라인자동차보험,모바일,50대이상,남,18시,확장소재,10115,162,417636,1.6,2578,3.2
2026-06-11,25년_다이렉트_검색_1차,브랜드,자동차보험견적,모바일,20대,남,08시,확장소재,6006,89,284355,1.48,3195,2.0
2026-06-11,25년_다이렉트_검색_1차,일반보험료,온라인자동차보험,PC,40대,남,06시,확장소재,6589,250,415250,3.79,1661,1.3
2026-06-11,25년_다이렉트_검색_1차,특약보험료,자동차보험견적,PC,50대이상,여,07시,확장소재,16466,631,870149,3.83,1379,1.9
2026-06-11,25년_다이렉트_검색_1차,특약보험료,자동차보험료비교,모바일,20대,여,10시,이미지,10573,464,1501968,4.39,3237,3.6
2026-06-11,25년_다이렉트_검색_2차,브랜드,온라인자동차보험,PC,40대,남,22시,텍스트,11848,276,260268,2.33,943,4.1
2026-06-11,25년_다이렉트_검색_2차,브랜드,자동차보험료비교,모바일,50대이상,여,16시,확장소재,10810,324,406944,3.0,1256,1.5
2026-06-11,25년_다이렉트_검색_2차,신규가입,다이렉트자동차보험,PC,50대이상,여,10시,이미지,13557,431,418501,3.18,971,1.4
2026-06-11,25년_다이렉트_검색_2차,특약보험료,온라인자동차보험,PC,30대,여,12시,텍스트,16348,631,1325731,3.86,2101,2.8
2026-06-11,25년_다이렉트_검색_2차,특약보험료,자동차보험료비교,모바일,40대,여,20시,확장소재,7059,271,824924,3.84,3044,3.7
2026-06-11,26년_다이렉트_브랜드검색,신규가입,온라인자동차보험,PC,20대,남,12시,이미지,16517,237,529932,1.43,2236,1.7
2026-06-11,26년_신년_검색프로모션,브랜드,다이렉트자동차보험,PC,50대이상,남,09시,확장소재,12069,275,445225,2.28,1619,2.2
2026-06-11,26년_신년_검색프로모션,신규가입,자동차보험,모바일,40대,여,15시,확장소재,772,9,23157,1.17,2573,2.4
2026-06-11,26년_신년_검색프로모션,특약보험료,자동차보험,PC,20대,여,15시,텍스트,8935,202,618928,2.26,3064,4.3
2026-06-12,25년_다이렉트_검색_1차,신규가입,자동차보험,모바일,50대이상,여,06시,이미지,18703,202,432684,1.08,2142,3.4
2026-06-12,25년_다이렉트_검색_1차,신규가입,자동차보험견적,PC,40대,남,23시,이미지,2189,78,95082,3.56,1219,2.4
2026-06-12,25년_다이렉트_검색_1차,신규가입,자동차보험료비교,모바일,30대,여,06시,확장소재,13161,460,1173460,3.5,2551,2.5
2026-06-12,25년_다이렉트_검색_1차,일반보험료,다이렉트자동차보험,PC,40대,여,19시,텍스트,9530,91,237783,0.95,2613,3.0
2026-06-12,25년_다이렉트_검색_1차,특약보험료,자동차보험견적,모바일,20대,남,23시,확장소재,9014,394,922354,4.37,2341,3.6
2026-06-12,25년_다이렉트_검색_2차,특약보험료,자동차보험,모바일,40대,남,08시,확장소재,2538,30,29220,1.18,974,4.2
2026-06-12,26년_다이렉트_브랜드검색,브랜드,자동차보험견적,PC,30대,남,21시,확장소재,5796,251,610934,4.33,2434,1.7
2026-06-12,26년_다이렉트_브랜드검색,신규가입,자동차보험,PC,50대이상,여,18시,텍스트,10406,107,145092,1.03,1356,3.0
2026-06-12,26년_다이렉트_브랜드검색,일반보험료,자동차보험,모바일,20대,여,16시,확장소재,3387,46,140806,1.36,3061,4.1
2026-06-13,25년_다이렉트_검색_1차,일반보험료,다이렉트자동차보험,PC,30대,남,11시,확장소재,14936,623,1512021,4.17,2427,3.2
2026-06-13,25년_다이렉트_검색_1차,일반보험료,다이렉트자동차보험,PC,50대이상,여,13시,확장소재,5318,162,376164,3.05,2322,2.0
2026-06-13,25년_다이렉트_검색_1차,일반보험료,온라인자동차보험,PC,30대,여,20시,확장소재,6474,110,301400,1.7,2740,2.8
2026-06-13,25년_다이렉트_검색_1차,일반보험료,자동차보험료비교,모바일,20대,여,23시,텍스트,1401,12,29724,0.86,2477,1.5
2026-06-13,25년_다이렉트_검색_2차,브랜드,자동차보험견적,PC,40대,남,19시,이미지,15143,408,1053048,2.69,2581,2.6
2026-06-13,25년_다이렉트_검색_2차,브랜드,자동차보험료비교,모바일,40대,남,15시,이미지,16752,502,1439736,3.0,2868,2.6
2026-06-13,25년_다이렉트_검색_2차,일반보험료,자동차보험,모바일,30대,여,22시,확장소재,4976,189,540918,3.8,2862,2.5
2026-06-13,25년_다이렉트_검색_2차,일반보험료,자동차보험견적,PC,30대,여,21시,텍스트,14243,411,1435623,2.89,3493,2.3
2026-06-13,26년_다이렉트_브랜드검색,특약보험료,자동차보험견적,모바일,50대이상,여,18시,텍스트,15603,642,1245480,4.11,1940,1.2
2026-06-13,26년_다이렉트_브랜드검색,특약보험료,자동차보험료비교,PC,30대,남,21시,이미지,17942,738,2080422,4.11,2819,2.1
2026-06-13,26년_신년_검색프로모션,브랜드,다이렉트자동차보험,PC,20대,여,14시,확장소재,3832,110,272910,2.87,2481,4.1
2026-06-13,26년_신년_검색프로모션,브랜드,자동차보험료비교,PC,30대,남,21시,텍스트,11437,153,308295,1.34,2015,3.3
2026-06-13,26년_신년_검색프로모션,특약보험료,자동차보험,PC,20대,여,12시,이미지,17618,591,937917,3.35,1587,2.5
2026-06-14,25년_다이렉트_검색_1차,신규가입,자동차보험료비교,PC,40대,여,09시,확장소재,19823,690,1844370,3.48,2673,2.5
2026-06-14,25년_다이렉트_검색_1차,신규가입,자동차보험료비교,모바일,50대이상,여,21시,텍스트,19140,479,1059548,2.5,2212,4.4
2026-06-14,25년_다이렉트_검색_2차,브랜드,자동차보험견적,모바일,20대,여,19시,확장소재,16208,441,1476909,2.72,3349,2.7
2026-06-14,25년_다이렉트_검색_2차,신규가입,다이렉트자동차보험,모바일,40대,남,07시,확장소재,6858,271,743624,3.95,2744,1.4
2026-06-14,25년_다이렉트_검색_2차,신규가입,자동차보험견적,PC,50대이상,여,22시,확장소재,14168,460,523940,3.25,1139,2.6
2026-06-14,26년_다이렉트_브랜드검색,브랜드,온라인자동차보험,모바일,20대,남,06시,이미지,15394,614,1094762,3.99,1783,4.4
2026-06-14,26년_다이렉트_브랜드검색,일반보험료,자동차보험료비교,PC,30대,여,09시,텍스트,4293,84,289128,1.96,3442,4.1
2026-06-14,26년_신년_검색프로모션,신규가입,자동차보험,모바일,20대,여,20시,이미지,16406,644,1474760,3.93,2290,4.4
2026-06-14,26년_신년_검색프로모션,신규가입,자동차보험료비교,PC,30대,남,13시,확장소재,4468,134,271082,3.0,2023,3.4
2026-06-14,26년_신년_검색프로모션,특약보험료,자동차보험견적,모바일,20대,여,09시,텍스트,963,37,35927,3.84,971,1.8
2026-06-14,26년_신년_검색프로모션,특약보험료,자동차보험료비교,PC,50대이상,남,21시,이미지,6721,164,243868,2.44,1487,2.3
2026-06-15,25년_다이렉트_검색_1차,브랜드,다이렉트자동차보험,PC,40대,남,11시,확장소재,7352,293,778501,3.99,2657,1.2
2026-06-15,25년_다이렉트_검색_1차,특약보험료,다이렉트자동차보험,모바일,30대,여,09시,확장소재,4784,128,243456,2.68,1902,3.8
2026-06-15,25년_다이렉트_검색_1차,특약보험료,온라인자동차보험,PC,50대이상,남,11시,텍스트,19452,160,426720,0.82,2667,4.3
2026-06-15,25년_다이렉트_검색_2차,브랜드,자동차보험,PC,50대이상,여,14시,확장소재,6740,229,680588,3.4,2972,2.4
2026-06-15,25년_다이렉트_검색_2차,브랜드,자동차보험료비교,모바일,30대,여,16시,이미지,5131,143,126126,2.79,882,2.6
2026-06-15,26년_다이렉트_브랜드검색,신규가입,자동차보험,모바일,20대,남,21시,확장소재,4725,200,551600,4.23,2758,2.3
2026-06-15,26년_다이렉트_브랜드검색,일반보험료,자동차보험견적,PC,50대이상,여,18시,텍스트,19249,319,772618,1.66,2422,3.7
2026-06-15,26년_신년_검색프로모션,특약보험료,자동차보험,PC,50대이상,여,16시,텍스트,14429,415,1423035,2.88,3429,2.0
2026-06-16,25년_다이렉트_검색_2차,브랜드,다이렉트자동차보험,PC,40대,남,20시,텍스트,6340,96,291264,1.51,3034,3.8
2026-06-16,25년_다이렉트_검색_2차,브랜드,다이렉트자동차보험,PC,40대,여,07시,이미지,11333,478,676848,4.22,1416,2.3
2026-06-16,25년_다이렉트_검색_2차,일반보험료,자동차보험,PC,20대,남,12시,확장소재,18241,468,1369368,2.57,2926,3.3
2026-06-16,25년_다이렉트_검색_2차,특약보험료,다이렉트자동차보험,PC,20대,남,10시,이미지,11191,401,737439,3.58,1839,1.7
2026-06-16,25년_다이렉트_검색_2차,특약보험료,자동차보험견적,모바일,20대,남,18시,확장소재,16199,527,816850,3.25,1550,3.0
2026-06-16,26년_다이렉트_브랜드검색,신규가입,온라인자동차보험,PC,50대이상,여,14시,확장소재,7599,97,283337,1.28,2921,4.4
2026-06-16,26년_다이렉트_브랜드검색,신규가입,온라인자동차보험,모바일,20대,남,17시,확장소재,12375,527,1590486,4.26,3018,1.2
2026-06-16,26년_다이렉트_브랜드검색,일반보험료,온라인자동차보험,모바일,30대,여,14시,텍스트,15979,449,685623,2.81,1527,4.2
2026-06-16,26년_신년_검색프로모션,브랜드,자동차보험료비교,PC,20대,여,14시,텍스트,16371,548,982016,3.35,1792,4.0
2026-06-16,26년_신년_검색프로모션,일반보험료,자동차보험견적,모바일,20대,여,06시,확장소재,7437,261,351567,3.51,1347,1.8
2026-06-16,26년_신년_검색프로모션,일반보험료,자동차보험견적,모바일,50대이상,여,13시,이미지,18800,180,496080,0.96,2756,1.8
2026-06-16,26년_신년_검색프로모션,특약보험료,자동차보험,모바일,40대,여,08시,확장소재,19541,763,2257717,3.9,2959,3.5
2026-06-17,25년_다이렉트_검색_1차,신규가입,자동차보험,PC,40대,여,08시,텍스트,4868,92,316020,1.89,3435,3.9
2026-06-17,25년_다이렉트_검색_1차,일반보험료,다이렉트자동차보험,PC,30대,여,10시,텍스트,19885,704,1051776,3.54,1494,2.1
2026-06-17,25년_다이렉트_검색_2차,브랜드,자동차보험료비교,모바일,50대이상,남,18시,확장소재,3585,129,197886,3.6,1534,1.2
2026-06-17,25년_다이렉트_검색_2차,일반보험료,자동차보험,PC,30대,여,21시,이미지,19233,541,652987,2.81,1207,4.0
2026-06-17,25년_다이렉트_검색_2차,특약보험료,온라인자동차보험,모바일,30대,남,17시,이미지,17607,281,634779,1.6,2259,3.0
2026-06-17,26년_다이렉트_브랜드검색,브랜드,다이렉트자동차보험,PC,30대,남,20시,텍스트,3441,84,262836,2.44,3129,2.9
2026-06-17,26년_다이렉트_브랜드검색,신규가입,다이렉트자동차보험,모바일,30대,여,12시,텍스트,13647,421,398687,3.08,947,1.8
2026-06-17,26년_신년_검색프로모션,특약보험료,온라인자동차보험,PC,20대,여,08시,이미지,17880,720,1995120,4.03,2771,2.8
2026-06-18,25년_다이렉트_검색_1차,일반보험료,온라인자동차보험,PC,50대이상,여,09시,텍스트,7484,172,425528,2.3,2474,1.7
2026-06-18,25년_다이렉트_검색_2차,브랜드,다이렉트자동차보험,모바일,50대이상,여,19시,확장소재,6773,92,232024,1.36,2522,4.3
2026-06-18,25년_다이렉트_검색_2차,신규가입,온라인자동차보험,PC,50대이상,남,12시,텍스트,14249,509,841377,3.57,1653,3.0
2026-06-18,25년_다이렉트_검색_2차,신규가입,자동차보험료비교,모바일,30대,남,10시,텍스트,15400,173,279395,1.12,1615,2.4
2026-06-18,25년_다이렉트_검색_2차,일반보험료,자동차보험료비교,모바일,30대,남,06시,확장소재,863,9,12105,1.04,1345,1.4
2026-06-18,25년_다이렉트_검색_2차,특약보험료,자동차보험견적,PC,40대,여,12시,확장소재,2496,102,109854,4.09,1077,1.6
2026-06-18,26년_다이렉트_브랜드검색,특약보험료,다이렉트자동차보험,모바일,30대,여,16시,확장소재,5704,175,532700,3.07,3044,1.6
2026-06-18,26년_신년_검색프로모션,특약보험료,자동차보험견적,모바일,40대,남,19시,확장소재,13965,133,262276,0.95,1972,4.0
2026-06-19,25년_다이렉트_검색_2차,신규가입,다이렉트자동차보험,모바일,50대이상,여,17시,이미지,8584,233,676632,2.71,2904,2.0
2026-06-19,25년_다이렉트_검색_2차,일반보험료,다이렉트자동차보험,모바일,40대,여,22시,확장소재,4997,101,296435,2.02,2935,3.2
2026-06-19,25년_다이렉트_검색_2차,일반보험료,자동차보험료비교,모바일,30대,남,21시,텍스트,13972,422,1022928,3.02,2424,2.1
2026-06-19,25년_다이렉트_검색_2차,특약보험료,자동차보험,모바일,40대,여,11시,확장소재,1769,70,61950,3.96,885,2.3
2026-06-19,26년_다이렉트_브랜드검색,특약보험료,온라인자동차보험,PC,30대,남,10시,확장소재,9965,356,687436,3.57,1931,4.4
2026-06-19,26년_다이렉트_브랜드검색,특약보험료,자동차보험견적,PC,40대,남,08시,이미지,14632,178,418834,1.22,2353,4.2
2026-06-19,26년_신년_검색프로모션,신규가입,다이렉트자동차보험,모바일,20대,여,13시,이미지,17900,652,2210932,3.64,3391,4.4
2026-06-19,26년_신년_검색프로모션,일반보험료,자동차보험견적,모바일,30대,여,08시,확장소재,3123,88,95744,2.82,1088,4.0
2026-06-20,25년_다이렉트_검색_1차,신규가입,온라인자동차보험,모바일,20대,여,06시,확장소재,1154,17,59262,1.47,3486,3.4
2026-06-20,25년_다이렉트_검색_1차,일반보험료,온라인자동차보험,모바일,20대,여,08시,텍스트,15135,370,427720,2.44,1156,2.2
2026-06-20,25년_다이렉트_검색_2차,브랜드,온라인자동차보험,PC,20대,여,15시,텍스트,16284,210,258930,1.29,1233,3.6
2026-06-20,25년_다이렉트_검색_2차,일반보험료,다이렉트자동차보험,모바일,40대,남,07시,텍스트,7948,182,408226,2.29,2243,3.3
2026-06-20,25년_다이렉트_검색_2차,일반보험료,자동차보험견적,PC,20대,남,15시,텍스트,6659,61,64233,0.92,1053,3.7
2026-06-20,25년_다이렉트_검색_2차,특약보험료,온라인자동차보험,PC,20대,남,12시,텍스트,18752,458,1002104,2.44,2188,3.4
2026-06-20,26년_다이렉트_브랜드검색,브랜드,자동차보험견적,PC,40대,여,13시,확장소재,6880,167,385770,2.43,2310,1.9
2026-06-20,26년_다이렉트_브랜드검색,신규가입,다이렉트자동차보험,PC,50대이상,여,09시,확장소재,14494,543,1762578,3.75,3246,1.4
2026-06-20,26년_신년_검색프로모션,신규가입,다이렉트자동차보험,모바일,20대,여,11시,확장소재,19299,835,1381925,4.33,1655,3.1
2026-06-21,25년_다이렉트_검색_1차,브랜드,온라인자동차보험,모바일,30대,여,10시,텍스트,10958,337,312062,3.08,926,1.4
2026-06-21,25년_다이렉트_검색_1차,일반보험료,자동차보험,모바일,40대,남,07시,확장소재,11014,474,711948,4.3,1502,3.2
2026-06-21,25년_다이렉트_검색_1차,일반보험료,자동차보험료비교,PC,20대,남,22시,확장소재,1497,15,42045,1.0,2803,2.2
2026-06-21,25년_다이렉트_검색_1차,일반보험료,자동차보험료비교,모바일,40대,남,22시,텍스트,18571,626,1728386,3.37,2761,4.5
2026-06-21,25년_다이렉트_검색_1차,특약보험료,자동차보험료비교,모바일,50대이상,여,13시,텍스트,19923,517,532510,2.59,1030,4.1
2026-06-21,25년_다이렉트_검색_2차,브랜드,자동차보험,모바일,20대,여,17시,텍스트,9449,263,500752,2.78,1904,4.1
2026-06-21,25년_다이렉트_검색_2차,브랜드,자동차보험견적,PC,50대이상,남,07시,이미지,1367,47,38446,3.44,818,2.8
2026-06-21,25년_다이렉트_검색_2차,특약보험료,자동차보험견적,모바일,40대,남,13시,확장소재,13868,254,560578,1.83,2207,3.5
2026-06-21,26년_다이렉트_브랜드검색,신규가입,자동차보험,PC,30대,여,23시,확장소재,6080,243,427437,4.0,1759,2.2
2026-06-21,26년_다이렉트_브랜드검색,신규가입,자동차보험료비교,모바일,40대,여,22시,이미지,13756,407,1246234,2.96,3062,1.2
2026-06-21,26년_다이렉트_브랜드검색,일반보험료,온라인자동차보험,모바일,20대,여,11시,확장소재,3649,54,45792,1.48,848,1.3
2026-06-21,26년_다이렉트_브랜드검색,일반보험료,자동차보험,모바일,30대,남,18시,확장소재,18218,166,166996,0.91,1006,3.9
2026-06-21,26년_신년_검색프로모션,브랜드,다이렉트자동차보험,모바일,50대이상,여,11시,텍스트,16512,597,2063232,3.62,3456,3.1
2026-06-22,25년_다이렉트_검색_1차,브랜드,온라인자동차보험,모바일,20대,남,22시,텍스트,17803,363,442134,2.04,1218,3.1
2026-06-22,25년_다이렉트_검색_1차,신규가입,자동차보험,모바일,40대,남,19시,확장소재,2002,69,119439,3.45,1731,1.5
2026-06-22,25년_다이렉트_검색_1차,특약보험료,자동차보험료비교,모바일,50대이상,여,12시,텍스트,2350,34,30668,1.45,902,2.9
2026-06-22,25년_다이렉트_검색_2차,신규가입,다이렉트자동차보험,모바일,30대,남,16시,확장소재,854,26,25454,3.04,979,1.9
2026-06-22,25년_다이렉트_검색_2차,신규가입,자동차보험,모바일,40대,여,15시,텍스트,5411,190,164730,3.51,867,3.9
2026-06-22,25년_다이렉트_검색_2차,일반보험료,자동차보험견적,PC,50대이상,여,09시,이미지,19145,632,1518064,3.3,2402,1.4
2026-06-22,26년_다이렉트_브랜드검색,특약보험료,자동차보험,모바일,50대이상,남,14시,확장소재,7023,309,1018773,4.4,3297,2.7
2026-06-22,26년_신년_검색프로모션,신규가입,다이렉트자동차보험,PC,50대이상,남,19시,이미지,5098,134,202206,2.63,1509,2.8
2026-06-22,26년_신년_검색프로모션,일반보험료,온라인자동차보험,PC,30대,여,18시,확장소재,1187,23,52946,1.94,2302,2.1
2026-06-22,26년_신년_검색프로모션,일반보험료,온라인자동차보험,모바일,50대이상,여,16시,이미지,19320,521,1565605,2.7,3005,4.2
2026-06-22,26년_신년_검색프로모션,일반보험료,자동차보험료비교,모바일,20대,여,11시,확장소재,5671,90,101160,1.59,1124,3.6
2026-06-23,25년_다이렉트_검색_1차,신규가입,자동차보험견적,PC,50대이상,여,15시,이미지,3907,113,267810,2.89,2370,2.8
2026-06-23,25년_다이렉트_검색_1차,일반보험료,자동차보험견적,PC,30대,남,15시,확장소재,5908,147,438060,2.49,2980,1.3
2026-06-23,25년_다이렉트_검색_2차,신규가입,온라인자동차보험,모바일,40대,남,16시,이미지,4542,150,445500,3.3,2970,3.3
2026-06-23,25년_다이렉트_검색_2차,특약보험료,온라인자동차보험,PC,30대,여,18시,텍스트,14111,527,1618944,3.73,3072,1.5
2026-06-23,26년_다이렉트_브랜드검색,특약보험료,다이렉트자동차보험,모바일,40대,남,11시,텍스트,13903,557,1493874,4.01,2682,2.2
2026-06-23,26년_다이렉트_브랜드검색,특약보험료,다이렉트자동차보험,모바일,50대이상,여,20시,텍스트,16516,410,1300930,2.48,3173,3.5
2026-06-23,26년_신년_검색프로모션,브랜드,자동차보험,모바일,30대,여,21시,텍스트,8254,203,383467,2.46,1889,4.3
2026-06-23,26년_신년_검색프로모션,브랜드,자동차보험견적,PC,30대,남,12시,이미지,4136,160,480160,3.87,3001,2.9
2026-06-23,26년_신년_검색프로모션,일반보험료,자동차보험견적,PC,20대,여,18시,이미지,19327,674,1975494,3.49,2931,4.0
2026-06-23,26년_신년_검색프로모션,일반보험료,자동차보험견적,모바일,40대,남,11시,이미지,12816,543,1598592,4.24,2944,4.5
2026-06-24,25년_다이렉트_검색_1차,브랜드,온라인자동차보험,모바일,50대이상,여,19시,확장소재,9177,108,126360,1.18,1170,3.3
2026-06-24,25년_다이렉트_검색_1차,신규가입,자동차보험,PC,40대,여,13시,텍스트,17032,684,2053368,4.02,3002,3.9
2026-06-24,25년_다이렉트_검색_1차,특약보험료,자동차보험견적,모바일,20대,여,15시,확장소재,4641,170,346630,3.66,2039,2.0
2026-06-24,25년_다이렉트_검색_2차,브랜드,자동차보험견적,모바일,40대,여,20시,확장소재,15885,312,807768,1.96,2589,3.4
2026-06-24,25년_다이렉트_검색_2차,일반보험료,자동차보험견적,모바일,30대,남,14시,텍스트,16465,592,1551040,3.6,2620,3.6
2026-06-24,25년_다이렉트_검색_2차,일반보험료,자동차보험료비교,모바일,20대,남,18시,이미지,1304,34,45390,2.61,1335,2.1
2026-06-24,26년_다이렉트_브랜드검색,신규가입,다이렉트자동차보험,PC,30대,여,14시,텍스트,1226,40,136040,3.26,3401,1.9
2026-06-24,26년_다이렉트_브랜드검색,일반보험료,자동차보험료비교,PC,50대이상,남,22시,확장소재,7075,206,589366,2.91,2861,4.5
2026-06-24,26년_신년_검색프로모션,신규가입,다이렉트자동차보험,PC,20대,여,18시,이미지,15511,425,360400,2.74,848,2.3
2026-06-24,26년_신년_검색프로모션,일반보험료,다이렉트자동차보험,모바일,30대,여,11시,텍스트,12661,488,630008,3.85,1291,3.2
2026-06-24,26년_신년_검색프로모션,특약보험료,자동차보험견적,모바일,30대,여,23시,확장소재,12189,180,453060,1.48,2517,2.3
2026-06-25,25년_다이렉트_검색_1차,브랜드,다이렉트자동차보험,PC,20대,여,18시,텍스트,17059,550,990000,3.22,1800,3.2
2026-06-25,25년_다이렉트_검색_1차,특약보험료,온라인자동차보험,모바일,20대,여,10시,확장소재,15543,362,693230,2.33,1915,2.0
2026-06-25,25년_다이렉트_검색_1차,특약보험료,자동차보험견적,PC,40대,남,09시,이미지,9744,306,1012554,3.14,3309,2.4
2026-06-25,25년_다이렉트_검색_2차,브랜드,자동차보험견적,모바일,30대,여,21시,텍스트,1219,51,138822,4.18,2722,2.5
2026-06-25,25년_다이렉트_검색_2차,신규가입,자동차보험견적,모바일,30대,여,09시,텍스트,11610,149,417647,1.28,2803,2.1
2026-06-25,26년_다이렉트_브랜드검색,일반보험료,다이렉트자동차보험,PC,40대,남,20시,이미지,2563,91,281190,3.55,3090,2.0
2026-06-25,26년_다이렉트_브랜드검색,특약보험료,다이렉트자동차보험,PC,20대,여,17시,확장소재,6295,70,68600,1.11,980,1.7
2026-06-25,26년_다이렉트_브랜드검색,특약보험료,자동차보험료비교,모바일,20대,남,16시,텍스트,5731,219,631377,3.82,2883,1.7
2026-06-25,26년_신년_검색프로모션,신규가입,자동차보험료비교,PC,40대,남,17시,확장소재,19325,156,359580,0.81,2305,2.2
2026-06-25,26년_신년_검색프로모션,일반보험료,자동차보험견적,모바일,20대,여,14시,텍스트,5631,109,142245,1.94,1305,4.3
2026-06-25,26년_신년_검색프로모션,특약보험료,자동차보험,모바일,20대,여,21시,이미지,9293,230,462530,2.47,2011,3.1
2026-06-26,25년_다이렉트_검색_1차,일반보험료,다이렉트자동차보험,PC,40대,여,07시,확장소재,2024,38,89072,1.88,2344,1.7
2026-06-26,25년_다이렉트_검색_1차,일반보험료,자동차보험견적,모바일,20대,여,10시,이미지,5386,119,157437,2.21,1323,2.4
2026-06-26,25년_다이렉트_검색_1차,특약보험료,자동차보험,모바일,30대,여,08시,이미지,17425,276,511152,1.58,1852,3.9
2026-06-26,25년_다이렉트_검색_1차,특약보험료,자동차보험료비교,PC,40대,여,12시,이미지,6713,260,408980,3.87,1573,2.8
2026-06-26,25년_다이렉트_검색_2차,브랜드,자동차보험견적,모바일,30대,남,22시,이미지,1385,38,45448,2.74,1196,1.3
2026-06-26,25년_다이렉트_검색_2차,브랜드,자동차보험료비교,모바일,40대,남,07시,텍스트,8512,333,285381,3.91,857,1.4
2026-06-26,25년_다이렉트_검색_2차,특약보험료,다이렉트자동차보험,PC,40대,남,13시,이미지,17636,510,1117920,2.89,2192,4.1
2026-06-26,26년_다이렉트_브랜드검색,브랜드,온라인자동차보험,PC,30대,여,23시,확장소재,13237,227,494179,1.71,2177,2.6
2026-06-26,26년_다이렉트_브랜드검색,일반보험료,온라인자동차보험,모바일,20대,남,10시,확장소재,8659,257,385757,2.97,1501,2.9
2026-06-26,26년_다이렉트_브랜드검색,특약보험료,자동차보험,PC,50대이상,여,17시,확장소재,18048,749,2365342,4.15,3158,1.4
2026-06-26,26년_신년_검색프로모션,브랜드,자동차보험,모바일,40대,남,16시,확장소재,9233,246,399504,2.66,1624,4.4
2026-06-26,26년_신년_검색프로모션,특약보험료,다이렉트자동차보험,PC,50대이상,남,12시,텍스트,11412,319,857472,2.8,2688,2.8
2026-06-27,25년_다이렉트_검색_1차,브랜드,다이렉트자동차보험,모바일,20대,남,19시,텍스트,10803,206,419828,1.91,2038,4.5
2026-06-27,25년_다이렉트_검색_1차,특약보험료,자동차보험,PC,20대,남,06시,텍스트,4633,151,356360,3.26,2360,2.9
2026-06-27,25년_다이렉트_검색_2차,브랜드,다이렉트자동차보험,모바일,20대,남,21시,이미지,10218,384,317952,3.76,828,2.0
2026-06-27,25년_다이렉트_검색_2차,특약보험료,자동차보험,모바일,40대,여,19시,텍스트,10808,202,215332,1.87,1066,1.8
2026-06-27,26년_다이렉트_브랜드검색,브랜드,온라인자동차보험,PC,20대,여,23시,확장소재,8669,343,597163,3.96,1741,4.2
2026-06-27,26년_다이렉트_브랜드검색,신규가입,온라인자동차보험,모바일,40대,여,07시,이미지,18447,760,2649360,4.12,3486,3.5
2026-06-27,26년_다이렉트_브랜드검색,일반보험료,자동차보험견적,모바일,40대,여,11시,확장소재,16182,508,1125728,3.14,2216,3.3
2026-06-27,26년_다이렉트_브랜드검색,특약보험료,자동차보험,PC,30대,여,23시,텍스트,15342,635,1492250,4.14,2350,2.0
2026-06-27,26년_신년_검색프로모션,신규가입,다이렉트자동차보험,모바일,40대,남,10시,텍스트,8722,231,508200,2.65,2200,1.2
2026-06-27,26년_신년_검색프로모션,신규가입,자동차보험,모바일,50대이상,여,10시,확장소재,11371,450,676350,3.96,1503,3.1
2026-06-27,26년_신년_검색프로모션,일반보험료,다이렉트자동차보험,PC,30대,남,18시,텍스트,12671,386,626864,3.05,1624,4.4
2026-06-27,26년_신년_검색프로모션,일반보험료,다이렉트자동차보험,모바일,20대,남,21시,확장소재,14263,524,1256552,3.67,2398,2.6
2026-06-27,26년_신년_검색프로모션,일반보험료,다이렉트자동차보험,모바일,50대이상,여,21시,이미지,16751,740,1656120,4.42,2238,1.9
2026-06-28,25년_다이렉트_검색_1차,신규가입,자동차보험견적,모바일,30대,남,19시,이미지,6585,122,191296,1.85,1568,4.3
2026-06-28,25년_다이렉트_검색_1차,일반보험료,다이렉트자동차보험,PC,40대,여,19시,텍스트,2733,76,228380,2.78,3005,4.0
2026-06-28,25년_다이렉트_검색_2차,브랜드,온라인자동차보험,PC,30대,남,17시,확장소재,5521,67,137886,1.21,2058,4.5
2026-06-28,25년_다이렉트_검색_2차,브랜드,자동차보험료비교,모바일,30대,여,13시,이미지,16382,315,391860,1.92,1244,2.7
2026-06-28,25년_다이렉트_검색_2차,특약보험료,온라인자동차보험,모바일,50대이상,여,21시,텍스트,17650,613,1097270,3.47,1790,2.1
2026-06-28,26년_다이렉트_브랜드검색,신규가입,온라인자동차보험,모바일,20대,여,14시,텍스트,12453,251,654608,2.02,2608,1.8
2026-06-28,26년_신년_검색프로모션,신규가입,자동차보험견적,PC,30대,여,09시,이미지,17980,365,1012145,2.03,2773,3.1
2026-06-28,26년_신년_검색프로모션,일반보험료,온라인자동차보험,모바일,40대,여,13시,이미지,2572,51,57987,1.98,1137,1.6
2026-06-28,26년_신년_검색프로모션,일반보험료,자동차보험,PC,20대,남,22시,확장소재,9715,119,281316,1.22,2364,3.7
2026-06-29,25년_다이렉트_검색_1차,일반보험료,자동차보험료비교,모바일,40대,남,23시,텍스트,18058,393,818619,2.18,2083,1.4
2026-06-29,25년_다이렉트_검색_1차,특약보험료,자동차보험료비교,모바일,30대,남,16시,이미지,18533,281,248123,1.52,883,1.5
2026-06-29,25년_다이렉트_검색_1차,특약보험료,자동차보험료비교,모바일,50대이상,여,23시,텍스트,19153,840,2751000,4.39,3275,2.0
2026-06-29,25년_다이렉트_검색_2차,신규가입,다이렉트자동차보험,모바일,20대,남,07시,확장소재,8142,345,618240,4.24,1792,3.9
2026-06-29,26년_다이렉트_브랜드검색,브랜드,자동차보험견적,PC,30대,여,20시,확장소재,7762,209,639749,2.69,3061,1.2
2026-06-29,26년_다이렉트_브랜드검색,일반보험료,다이렉트자동차보험,PC,50대이상,여,16시,확장소재,1813,81,143694,4.47,1774,3.5
2026-06-29,26년_다이렉트_브랜드검색,특약보험료,자동차보험료비교,PC,40대,남,21시,이미지,9626,99,221265,1.03,2235,3.4
2026-06-29,26년_신년_검색프로모션,특약보험료,다이렉트자동차보험,PC,50대이상,여,12시,이미지,14682,174,397590,1.19,2285,1.8
2026-06-29,26년_신년_검색프로모션,특약보험료,다이렉트자동차보험,PC,50대이상,여,13시,이미지,8137,144,426672,1.77,2963,4.3
2026-06-29,26년_신년_검색프로모션,특약보험료,자동차보험료비교,모바일,20대,남,16시,확장소재,9854,364,1196104,3.69,3286,1.5
2026-06-30,25년_다이렉트_검색_1차,신규가입,자동차보험,모바일,50대이상,여,09시,텍스트,13822,308,296604,2.23,963,2.9
2026-06-30,25년_다이렉트_검색_1차,신규가입,자동차보험견적,PC,40대,여,07시,이미지,13789,606,1465308,4.39,2418,3.3
2026-06-30,25년_다이렉트_검색_1차,일반보험료,자동차보험료비교,PC,40대,여,15시,텍스트,9991,212,667588,2.12,3149,2.7
2026-06-30,25년_다이렉트_검색_1차,특약보험료,자동차보험,PC,40대,여,06시,이미지,15551,689,1900951,4.43,2759,4.2
2026-06-30,25년_다이렉트_검색_2차,신규가입,자동차보험견적,모바일,40대,여,06시,확장소재,17595,307,1010337,1.74,3291,3.2
2026-06-30,25년_다이렉트_검색_2차,특약보험료,자동차보험견적,모바일,20대,여,11시,확장소재,11472,209,687819,1.82,3291,1.8
2026-06-30,26년_다이렉트_브랜드검색,특약보험료,자동차보험,모바일,50대이상,남,08시,이미지,14363,190,300960,1.32,1584,2.6
2026-06-30,26년_신년_검색프로모션,브랜드,온라인자동차보험,PC,40대,남,06시,확장소재,18209,403,491660,2.21,1220,2.4
2026-06-30,26년_신년_검색프로모션,특약보험료,다이렉트자동차보험,모바일,30대,여,16시,확장소재,14121,566,1190864,4.01,2104,2.2
2026-06-30,26년_신년_검색프로모션,특약보험료,온라인자동차보험,모바일,20대,남,12시,확장소재,9830,299,482885,3.04,1615,1.8
2026-06-30,26년_신년_검색프로모션,특약보험료,자동차보험,모바일,50대이상,여,08시,텍스트,1714,38,98420,2.22,2590,4.2
