consult_id,customer_id,consult_date,channel,agent_id,category,handle_time_min,resolved_yn,is_repeat
CNS00001,CUST0210,2024-09-26,앱,AGT025,요금문의,7.6,Y,N
CNS00002,CUST0035,2024-07-14,전화,AGT020,상품문의,13.8,Y,N
CNS00003,CUST0244,2024-07-15,전화,AGT006,상품문의,5.8,Y,N
CNS00004,CUST0061,2024-09-19,앱,AGT026,요금문의,4.7,N,N
CNS00005,CUST0090,2024-01-28,앱,AGT012,서비스불만,8.5,Y,N
CNS00006,CUST0233,2024-11-01,전화,AGT019,기타,10.0,Y,N
CNS00007,CUST0161,2024-01-11,전화,AGT022,결제오류,6.9,Y,N
CNS00008,CUST0116,2024-12-12,전화,AGT003,요금문의,6.1,Y,N
CNS00009,CUST0261,2024-06-08,매장,AGT019,결제오류,17.1,Y,N
CNS00010,CUST0230,2024-10-24,홈페이지,AGT030,상품문의,5.2,Y,N
CNS00011,CUST0098,2024-11-10,홈페이지,AGT005,서비스불만,5.7,Y,N
CNS00012,CUST0224,2024-05-15,전화,AGT028,요금문의,6.6,Y,N
CNS00013,CUST0070,2024-06-02,전화,AGT029,서비스불만,7.3,N,N
CNS00014,CUST0018,2024-04-02,전화,AGT029,서비스불만,7.7,Y,N
CNS00015,CUST0300,2024-05-19,전화,AGT003,서비스불만,6.7,Y,N
CNS00016,CUST0033,2024-02-04,홈페이지,AGT010,요금문의,5.4,Y,N
CNS00017,CUST0083,2024-12-09,매장,AGT012,상품문의,18.4,Y,N
CNS00018,CUST0370,2024-11-02,전화,AGT021,서비스불만,16.7,Y,N
CNS00019,CUST0140,2024-09-12,전화,AGT007,서비스불만,7.7,Y,N
CNS00020,CUST0206,2024-03-23,앱,AGT007,요금문의,15.8,N,N
CNS00021,CUST0318,2024-07-11,매장,AGT024,요금문의,9.1,Y,N
CNS00022,CUST0098,2024-06-17,전화,AGT017,서비스불만,17.3,Y,N
CNS00023,CUST0029,2024-06-29,전화,AGT005,서비스불만,18.7,Y,N
CNS00024,CUST0363,2024-05-10,앱,AGT002,상품문의,17.8,Y,N
CNS00025,CUST0070,2024-09-03,홈페이지,AGT008,요금문의,5.1,Y,N
CNS00026,CUST0372,2024-01-15,전화,AGT001,기타,5.8,Y,N
CNS00027,CUST0485,2024-05-13,전화,AGT002,요금문의,5.9,Y,N
CNS00028,CUST0206,2024-01-01,앱,AGT004,결제오류,16.0,Y,N
CNS00029,CUST0286,2024-10-11,전화,AGT022,요금문의,4.5,Y,N
CNS00030,CUST0281,2024-10-11,전화,AGT021,요금문의,26.6,Y,N
CNS00031,CUST0175,2024-07-31,매장,AGT003,요금문의,4.6,Y,N
CNS00032,CUST0200,2024-02-02,전화,AGT023,기타,10.6,Y,N
CNS00033,CUST0162,2024-08-15,전화,AGT011,요금문의,9.7,Y,Y
CNS00034,CUST0496,2024-03-25,전화,AGT017,요금문의,9.2,Y,N
CNS00035,CUST0498,2024-04-08,전화,AGT014,결제오류,13.2,N,N
CNS00036,CUST0317,2024-11-15,전화,AGT014,상품문의,3.3,Y,N
CNS00037,CUST0075,2024-03-25,전화,AGT023,서비스불만,2.8,N,N
CNS00038,CUST0373,2024-08-16,전화,AGT009,서비스불만,13.6,Y,N
CNS00039,CUST0205,2024-10-16,홈페이지,AGT021,상품문의,8.7,N,N
CNS00040,CUST0360,2024-03-19,앱,AGT020,요금문의,5.5,Y,N
CNS00041,CUST0375,2024-04-02,매장,AGT006,서비스불만,9.8,Y,N
CNS00042,CUST0496,2024-10-22,전화,AGT007,결제오류,4.0,Y,N
CNS00043,CUST0023,2024-07-12,홈페이지,AGT026,결제오류,17.9,Y,N
CNS00044,CUST0251,2024-06-28,매장,AGT030,서비스불만,6.0,Y,N
CNS00045,CUST0356,2024-03-07,앱,AGT018,서비스불만,3.9,Y,N
CNS00046,CUST0169,2024-07-13,앱,AGT001,서비스불만,13.0,Y,N
CNS00047,CUST0043,2024-04-25,앱,AGT021,서비스불만,15.4,Y,N
CNS00048,CUST0202,2024-12-22,매장,AGT008,상품문의,19.4,Y,N
CNS00049,CUST0281,2024-06-05,앱,AGT026,요금문의,19.5,Y,N
CNS00050,CUST0454,2024-03-22,전화,AGT027,요금문의,8.3,Y,N
CNS00051,CUST0318,2024-04-09,매장,AGT024,요금문의,9.5,Y,N
CNS00052,CUST0170,2024-04-20,전화,AGT030,결제오류,20.6,Y,N
CNS00053,CUST0311,2024-03-30,전화,AGT005,요금문의,6.8,Y,N
CNS00054,CUST0307,2024-06-10,전화,AGT003,요금문의,8.5,Y,N
CNS00055,CUST0232,2024-07-14,전화,AGT024,요금문의,13.8,Y,N
CNS00056,CUST0441,2024-07-01,전화,AGT017,상품문의,8.7,Y,Y
CNS00057,CUST0319,2024-11-13,전화,AGT016,기타,6.6,Y,N
CNS00058,CUST0444,2024-09-27,전화,AGT008,상품문의,4.8,Y,N
CNS00059,CUST0083,2024-03-16,앱,AGT013,서비스불만,11.6,N,N
CNS00060,CUST0050,2024-10-08,홈페이지,AGT019,서비스불만,2.1,Y,N
CNS00061,CUST0361,2024-12-07,전화,AGT010,결제오류,4.5,N,N
CNS00062,CUST0058,2024-12-30,앱,AGT011,결제오류,5.9,N,N
CNS00063,CUST0102,2024-12-22,앱,AGT018,요금문의,8.0,Y,N
CNS00064,CUST0008,2024-05-01,앱,AGT010,결제오류,4.5,Y,N
CNS00065,CUST0367,2024-10-08,앱,AGT014,서비스불만,17.5,Y,N
CNS00066,CUST0270,2024-08-23,앱,AGT018,상품문의,5.7,Y,N
CNS00067,CUST0080,2024-07-09,앱,AGT007,결제오류,9.2,Y,N
CNS00068,CUST0273,2024-09-20,앱,AGT007,서비스불만,7.4,Y,N
CNS00069,CUST0103,2024-04-26,앱,AGT023,요금문의,6.8,Y,N
CNS00070,CUST0300,2024-11-02,전화,AGT025,요금문의,4.2,Y,N
CNS00071,CUST0415,2024-12-05,매장,AGT004,상품문의,21.2,Y,N
CNS00072,CUST0114,2024-06-09,전화,AGT012,상품문의,5.4,N,N
CNS00073,CUST0211,2024-09-24,앱,AGT007,상품문의,7.5,Y,N
CNS00074,CUST0320,2024-03-14,앱,AGT029,상품문의,7.9,Y,N
CNS00075,CUST0102,2024-10-19,앱,AGT014,요금문의,2.4,Y,N
CNS00076,CUST0442,2024-11-07,홈페이지,AGT016,상품문의,20.1,Y,N
CNS00077,CUST0248,2024-10-02,매장,AGT004,요금문의,8.2,Y,N
CNS00078,CUST0321,2024-11-15,전화,AGT022,서비스불만,10.6,Y,N
CNS00079,CUST0486,2024-03-14,홈페이지,AGT003,요금문의,4.1,Y,N
CNS00080,CUST0185,2024-10-07,매장,AGT008,상품문의,15.0,Y,N
CNS00081,CUST0076,2024-01-28,매장,AGT009,서비스불만,4.1,Y,N
CNS00082,CUST0396,2024-01-27,전화,AGT009,결제오류,13.8,Y,N
CNS00083,CUST0089,2024-09-20,전화,AGT018,요금문의,5.5,Y,N
CNS00084,CUST0120,2024-08-22,전화,AGT004,상품문의,12.2,Y,N
CNS00085,CUST0496,2024-01-06,전화,AGT012,요금문의,8.7,Y,N
CNS00086,CUST0402,2024-07-22,전화,AGT007,요금문의,13.8,Y,N
CNS00087,CUST0034,2024-11-25,전화,AGT019,상품문의,8.0,Y,N
CNS00088,CUST0352,2024-07-26,앱,AGT012,상품문의,17.3,Y,N
CNS00089,CUST0468,2024-02-06,전화,AGT025,기타,6.1,Y,N
CNS00090,CUST0212,2024-05-14,앱,AGT012,상품문의,6.6,Y,N
CNS00091,CUST0403,2024-06-10,홈페이지,AGT009,서비스불만,11.6,Y,N
CNS00092,CUST0297,2024-03-30,매장,AGT015,결제오류,5.8,N,N
CNS00093,CUST0398,2024-03-29,전화,AGT004,결제오류,12.7,N,N
CNS00094,CUST0325,2024-07-18,전화,AGT007,서비스불만,4.5,N,Y
CNS00095,CUST0465,2024-01-07,홈페이지,AGT027,요금문의,8.5,Y,N
CNS00096,CUST0185,2024-08-06,전화,AGT002,요금문의,7.2,Y,N
CNS00097,CUST0097,2024-04-22,홈페이지,AGT026,결제오류,5.3,Y,N
CNS00098,CUST0439,2024-09-19,앱,AGT004,요금문의,15.4,Y,N
CNS00099,CUST0018,2024-12-22,매장,AGT014,상품문의,7.6,Y,N
CNS00100,CUST0117,2024-11-30,전화,AGT001,요금문의,8.4,Y,N
CNS00101,CUST0189,2024-02-29,홈페이지,AGT029,서비스불만,10.4,Y,N
CNS00102,CUST0424,2024-01-27,전화,AGT022,요금문의,11.2,Y,N
CNS00103,CUST0325,2024-10-31,홈페이지,AGT007,서비스불만,3.1,Y,N
CNS00104,CUST0428,2024-11-30,전화,AGT020,기타,10.8,Y,N
CNS00105,CUST0433,2024-09-03,전화,AGT004,요금문의,5.2,Y,N
CNS00106,CUST0489,2024-06-09,매장,AGT019,상품문의,6.4,Y,N
CNS00107,CUST0252,2024-02-05,앱,AGT001,서비스불만,9.5,Y,N
CNS00108,CUST0305,2024-04-02,앱,AGT018,결제오류,3.6,Y,N
CNS00109,CUST0315,2024-11-01,홈페이지,AGT022,요금문의,15.9,Y,N
CNS00110,CUST0493,2024-05-01,매장,AGT010,결제오류,4.8,Y,N
CNS00111,CUST0307,2024-04-23,전화,AGT009,상품문의,12.3,Y,N
CNS00112,CUST0307,2024-07-14,앱,AGT015,서비스불만,5.0,N,N
CNS00113,CUST0093,2024-08-06,홈페이지,AGT013,서비스불만,8.6,Y,N
CNS00114,CUST0077,2024-12-04,전화,AGT026,서비스불만,13.1,Y,N
CNS00115,CUST0422,2024-02-01,전화,AGT023,요금문의,5.7,N,N
CNS00116,CUST0192,2024-07-12,앱,AGT028,서비스불만,5.1,Y,N
CNS00117,CUST0341,2024-04-23,홈페이지,AGT001,서비스불만,9.4,Y,N
CNS00118,CUST0318,2024-05-01,앱,AGT010,결제오류,12.6,N,N
CNS00119,CUST0496,2024-09-23,홈페이지,AGT028,서비스불만,9.0,Y,N
CNS00120,CUST0189,2024-05-10,전화,AGT016,상품문의,9.2,Y,N
CNS00121,CUST0122,2024-07-22,홈페이지,AGT009,요금문의,12.7,Y,N
CNS00122,CUST0473,2024-01-05,전화,AGT019,기타,4.7,Y,N
CNS00123,CUST0442,2024-08-12,앱,AGT008,서비스불만,3.2,Y,N
CNS00124,CUST0492,2024-04-01,앱,AGT009,결제오류,12.2,Y,N
CNS00125,CUST0038,2024-05-28,매장,AGT001,상품문의,13.8,Y,N
CNS00126,CUST0269,2024-07-29,전화,AGT004,요금문의,13.6,Y,N
CNS00127,CUST0050,2024-04-07,전화,AGT015,상품문의,5.4,Y,N
CNS00128,CUST0203,2024-06-18,전화,AGT003,요금문의,6.4,Y,N
CNS00129,CUST0210,2024-06-30,매장,AGT009,기타,3.2,N,N
CNS00130,CUST0486,2024-07-25,앱,AGT029,요금문의,11.6,Y,N
CNS00131,CUST0049,2024-02-04,앱,AGT002,결제오류,5.0,Y,N
CNS00132,CUST0281,2024-10-27,앱,AGT024,결제오류,11.9,Y,N
CNS00133,CUST0033,2024-07-14,앱,AGT015,요금문의,8.2,Y,N
CNS00134,CUST0381,2024-12-29,앱,AGT005,요금문의,3.5,Y,N
CNS00135,CUST0481,2024-12-06,전화,AGT011,기타,11.6,Y,N
CNS00136,CUST0422,2024-10-03,전화,AGT014,상품문의,5.3,Y,N
CNS00137,CUST0201,2024-10-16,전화,AGT008,요금문의,3.5,Y,N
CNS00138,CUST0334,2024-12-22,앱,AGT021,요금문의,2.7,Y,N
CNS00139,CUST0236,2024-12-02,앱,AGT024,요금문의,11.8,Y,Y
CNS00140,CUST0050,2024-04-09,전화,AGT015,결제오류,15.4,Y,N
CNS00141,CUST0173,2024-01-23,매장,AGT009,상품문의,3.9,N,N
CNS00142,CUST0061,2024-06-14,홈페이지,AGT013,상품문의,4.0,Y,N
CNS00143,CUST0011,2024-06-03,전화,AGT027,요금문의,6.1,N,N
CNS00144,CUST0402,2024-08-30,전화,AGT023,요금문의,9.1,Y,N
CNS00145,CUST0403,2024-01-24,매장,AGT003,서비스불만,7.2,Y,N
CNS00146,CUST0489,2024-10-05,홈페이지,AGT011,상품문의,19.3,N,N
CNS00147,CUST0168,2024-05-26,홈페이지,AGT020,상품문의,7.1,Y,N
CNS00148,CUST0053,2024-04-14,매장,AGT024,요금문의,6.8,Y,N
CNS00149,CUST0152,2024-06-04,전화,AGT002,서비스불만,3.5,Y,N
CNS00150,CUST0117,2024-12-18,앱,AGT016,상품문의,22.3,Y,N
CNS00151,CUST0053,2024-10-07,전화,AGT022,결제오류,8.0,Y,N
CNS00152,CUST0069,2024-07-05,전화,AGT008,서비스불만,5.7,Y,N
CNS00153,CUST0269,2024-07-08,전화,AGT008,서비스불만,8.1,Y,N
CNS00154,CUST0262,2024-12-17,매장,AGT008,상품문의,19.3,Y,N
CNS00155,CUST0144,2024-10-05,홈페이지,AGT008,기타,17.7,N,N
CNS00156,CUST0410,2024-04-21,앱,AGT016,상품문의,3.7,Y,N
CNS00157,CUST0415,2024-03-07,앱,AGT005,서비스불만,3.7,Y,N
CNS00158,CUST0182,2024-11-21,홈페이지,AGT029,기타,13.4,Y,N
CNS00159,CUST0154,2024-01-30,전화,AGT004,요금문의,19.0,Y,N
CNS00160,CUST0299,2024-06-25,전화,AGT022,서비스불만,15.2,Y,N
CNS00161,CUST0476,2024-09-26,홈페이지,AGT002,요금문의,24.9,Y,N
CNS00162,CUST0426,2024-07-05,홈페이지,AGT010,기타,12.4,Y,N
CNS00163,CUST0152,2024-12-13,매장,AGT016,서비스불만,8.4,Y,N
CNS00164,CUST0023,2024-12-15,매장,AGT008,요금문의,3.2,Y,N
CNS00165,CUST0069,2024-01-16,전화,AGT004,서비스불만,7.3,Y,N
CNS00166,CUST0238,2024-02-12,전화,AGT013,요금문의,3.5,Y,N
CNS00167,CUST0366,2024-09-08,전화,AGT020,서비스불만,21.0,Y,N
CNS00168,CUST0059,2024-12-28,전화,AGT014,요금문의,12.7,Y,N
CNS00169,CUST0216,2024-09-16,전화,AGT015,요금문의,6.6,Y,N
CNS00170,CUST0075,2024-12-29,홈페이지,AGT003,요금문의,5.7,Y,N
CNS00171,CUST0365,2024-05-30,매장,AGT023,서비스불만,13.1,Y,N
CNS00172,CUST0059,2024-03-07,전화,AGT025,서비스불만,16.8,Y,N
CNS00173,CUST0223,2024-02-24,전화,AGT028,결제오류,4.8,Y,N
CNS00174,CUST0305,2024-01-24,매장,AGT012,상품문의,3.0,Y,N
CNS00175,CUST0396,2024-02-04,매장,AGT001,결제오류,5.9,Y,Y
CNS00176,CUST0083,2024-06-30,전화,AGT022,서비스불만,9.0,Y,N
CNS00177,CUST0154,2024-07-03,매장,AGT005,서비스불만,12.6,Y,N
CNS00178,CUST0146,2024-07-06,앱,AGT020,요금문의,6.9,N,N
CNS00179,CUST0192,2024-04-05,앱,AGT019,서비스불만,27.4,Y,N
CNS00180,CUST0165,2024-03-14,매장,AGT019,요금문의,4.2,Y,N
CNS00181,CUST0499,2024-05-22,앱,AGT029,요금문의,9.1,Y,N
CNS00182,CUST0255,2024-01-11,전화,AGT004,요금문의,8.6,Y,N
CNS00183,CUST0185,2024-01-26,앱,AGT003,요금문의,10.1,Y,N
CNS00184,CUST0344,2024-10-03,앱,AGT005,상품문의,11.5,Y,N
CNS00185,CUST0325,2024-12-12,앱,AGT022,서비스불만,9.0,Y,N
CNS00186,CUST0235,2024-05-09,앱,AGT028,요금문의,2.8,Y,N
CNS00187,CUST0325,2024-07-14,앱,AGT004,서비스불만,7.3,Y,N
CNS00188,CUST0498,2024-01-24,전화,AGT030,요금문의,10.0,Y,N
CNS00189,CUST0113,2024-02-05,전화,AGT015,결제오류,11.3,Y,N
CNS00190,CUST0473,2024-06-19,전화,AGT003,요금문의,24.4,Y,N
CNS00191,CUST0027,2024-05-03,홈페이지,AGT014,상품문의,19.0,Y,N
CNS00192,CUST0386,2024-06-30,전화,AGT010,결제오류,14.9,Y,N
CNS00193,CUST0309,2024-11-16,앱,AGT027,서비스불만,8.0,Y,N
CNS00194,CUST0452,2024-02-11,전화,AGT011,결제오류,12.2,Y,N
CNS00195,CUST0106,2024-01-23,앱,AGT004,결제오류,3.3,Y,N
CNS00196,CUST0442,2024-08-28,홈페이지,AGT029,요금문의,19.2,Y,N
CNS00197,CUST0185,2024-04-16,전화,AGT027,결제오류,8.1,Y,N
CNS00198,CUST0179,2024-09-07,앱,AGT022,요금문의,13.7,Y,N
CNS00199,CUST0258,2024-03-03,전화,AGT003,기타,10.8,Y,N
CNS00200,CUST0109,2024-06-29,앱,AGT022,서비스불만,4.5,Y,N
CNS00201,CUST0398,2024-09-13,홈페이지,AGT014,결제오류,9.0,Y,N
CNS00202,CUST0159,2024-02-14,앱,AGT030,서비스불만,5.2,Y,N
CNS00203,CUST0248,2024-09-27,앱,AGT018,기타,18.5,Y,N
CNS00204,CUST0477,2024-08-27,앱,AGT026,요금문의,4.1,Y,Y
CNS00205,CUST0069,2024-04-21,매장,AGT008,결제오류,11.5,N,N
CNS00206,CUST0080,2024-04-07,홈페이지,AGT009,서비스불만,11.9,Y,N
CNS00207,CUST0390,2024-03-09,매장,AGT028,요금문의,11.9,Y,N
CNS00208,CUST0270,2024-07-24,매장,AGT007,서비스불만,8.9,Y,N
CNS00209,CUST0195,2024-08-13,매장,AGT027,요금문의,5.4,N,N
CNS00210,CUST0413,2024-06-09,전화,AGT016,상품문의,4.8,Y,N
CNS00211,CUST0299,2024-04-21,전화,AGT021,서비스불만,5.9,Y,Y
CNS00212,CUST0119,2024-12-22,홈페이지,AGT020,서비스불만,12.7,Y,N
CNS00213,CUST0363,2024-08-22,앱,AGT029,서비스불만,13.2,Y,N
CNS00214,CUST0306,2024-10-10,앱,AGT017,요금문의,16.6,Y,N
CNS00215,CUST0038,2024-03-22,앱,AGT003,서비스불만,5.7,Y,N
CNS00216,CUST0117,2024-09-23,앱,AGT008,상품문의,6.9,Y,N
CNS00217,CUST0452,2024-03-09,전화,AGT014,서비스불만,19.0,N,N
CNS00218,CUST0464,2024-07-07,매장,AGT005,요금문의,9.3,Y,N
CNS00219,CUST0415,2024-02-11,전화,AGT028,결제오류,7.3,Y,Y
CNS00220,CUST0092,2024-06-03,전화,AGT014,서비스불만,17.8,Y,Y
CNS00221,CUST0473,2024-01-06,전화,AGT015,서비스불만,28.5,N,N
CNS00222,CUST0403,2024-10-09,전화,AGT020,상품문의,15.9,Y,N
CNS00223,CUST0259,2024-11-23,홈페이지,AGT015,결제오류,9.0,Y,N
CNS00224,CUST0484,2024-07-07,홈페이지,AGT017,상품문의,13.3,N,N
CNS00225,CUST0045,2024-06-13,전화,AGT013,요금문의,8.1,Y,N
CNS00226,CUST0484,2024-06-08,매장,AGT001,서비스불만,9.7,Y,N
CNS00227,CUST0218,2024-08-20,매장,AGT002,서비스불만,25.8,Y,N
CNS00228,CUST0464,2024-10-04,앱,AGT030,상품문의,11.1,Y,N
CNS00229,CUST0036,2024-08-09,매장,AGT023,서비스불만,31.4,Y,N
CNS00230,CUST0374,2024-08-03,앱,AGT015,결제오류,8.1,Y,N
CNS00231,CUST0085,2024-10-14,전화,AGT004,서비스불만,6.5,Y,N
CNS00232,CUST0100,2024-05-25,홈페이지,AGT027,서비스불만,15.4,Y,N
CNS00233,CUST0132,2024-08-28,전화,AGT013,상품문의,11.9,Y,N
CNS00234,CUST0033,2024-12-05,앱,AGT017,상품문의,9.1,N,N
CNS00235,CUST0440,2024-10-04,전화,AGT006,결제오류,6.7,Y,N
CNS00236,CUST0498,2024-05-16,매장,AGT024,요금문의,4.8,Y,N
CNS00237,CUST0157,2024-10-06,앱,AGT015,요금문의,13.9,Y,N
CNS00238,CUST0439,2024-05-21,전화,AGT025,상품문의,22.9,Y,N
CNS00239,CUST0425,2024-09-20,매장,AGT028,요금문의,6.3,Y,N
CNS00240,CUST0325,2024-11-24,홈페이지,AGT014,요금문의,4.7,Y,N
CNS00241,CUST0089,2024-11-10,앱,AGT018,서비스불만,7.9,Y,N
CNS00242,CUST0157,2024-09-03,전화,AGT027,서비스불만,5.4,Y,N
CNS00243,CUST0283,2024-10-19,매장,AGT005,서비스불만,10.5,Y,N
CNS00244,CUST0121,2024-01-27,전화,AGT026,서비스불만,4.3,Y,N
CNS00245,CUST0491,2024-06-30,앱,AGT014,서비스불만,8.3,Y,N
CNS00246,CUST0477,2024-09-02,전화,AGT023,서비스불만,12.2,Y,N
CNS00247,CUST0424,2024-07-08,전화,AGT026,서비스불만,26.3,Y,N
CNS00248,CUST0449,2024-08-25,매장,AGT007,요금문의,6.8,Y,N
CNS00249,CUST0353,2024-01-01,전화,AGT024,결제오류,12.6,Y,N
CNS00250,CUST0076,2024-04-24,매장,AGT004,결제오류,7.3,Y,N
CNS00251,CUST0479,2024-05-24,앱,AGT002,서비스불만,6.4,Y,N
CNS00252,CUST0444,2024-06-05,홈페이지,AGT017,요금문의,9.9,Y,N
CNS00253,CUST0261,2024-12-22,전화,AGT021,상품문의,7.6,N,N
CNS00254,CUST0416,2024-06-12,전화,AGT021,요금문의,19.6,Y,N
CNS00255,CUST0409,2024-11-18,전화,AGT005,상품문의,10.7,Y,N
CNS00256,CUST0118,2024-09-26,앱,AGT002,요금문의,7.2,Y,N
CNS00257,CUST0499,2024-07-06,앱,AGT012,요금문의,14.4,Y,N
CNS00258,CUST0483,2024-05-06,홈페이지,AGT018,요금문의,6.4,Y,N
CNS00259,CUST0218,2024-11-23,전화,AGT017,요금문의,10.2,Y,N
CNS00260,CUST0461,2024-02-23,앱,AGT019,서비스불만,18.9,Y,N
CNS00261,CUST0357,2024-07-24,앱,AGT013,서비스불만,17.4,Y,N
CNS00262,CUST0182,2024-02-25,앱,AGT003,요금문의,14.9,Y,N
CNS00263,CUST0170,2024-12-02,홈페이지,AGT029,기타,7.9,Y,N
CNS00264,CUST0017,2024-12-14,전화,AGT025,기타,18.2,Y,N
CNS00265,CUST0177,2024-12-06,전화,AGT017,상품문의,6.0,Y,N
CNS00266,CUST0049,2024-03-14,앱,AGT008,결제오류,7.0,Y,N
CNS00267,CUST0182,2024-08-06,앱,AGT025,요금문의,3.8,N,N
CNS00268,CUST0126,2024-02-16,매장,AGT012,결제오류,6.6,Y,N
CNS00269,CUST0121,2024-03-22,앱,AGT026,결제오류,23.3,Y,N
CNS00270,CUST0319,2024-12-07,앱,AGT002,결제오류,5.3,Y,N
CNS00271,CUST0202,2024-12-05,매장,AGT009,상품문의,16.8,Y,N
CNS00272,CUST0439,2024-10-26,앱,AGT006,요금문의,10.0,Y,N
CNS00273,CUST0485,2024-05-18,전화,AGT013,요금문의,6.9,Y,Y
CNS00274,CUST0109,2024-09-16,앱,AGT009,요금문의,7.3,Y,N
CNS00275,CUST0109,2024-01-08,홈페이지,AGT020,기타,9.4,Y,N
CNS00276,CUST0238,2024-01-03,전화,AGT020,결제오류,12.3,Y,N
CNS00277,CUST0061,2024-08-26,앱,AGT016,서비스불만,7.4,Y,N
CNS00278,CUST0491,2024-09-11,전화,AGT002,기타,19.7,Y,N
CNS00279,CUST0018,2024-09-28,전화,AGT013,요금문의,5.2,Y,N
CNS00280,CUST0403,2024-05-06,앱,AGT008,서비스불만,10.1,Y,N
CNS00281,CUST0229,2024-05-18,전화,AGT023,서비스불만,11.3,Y,N
CNS00282,CUST0200,2024-01-16,전화,AGT015,상품문의,12.1,Y,N
CNS00283,CUST0028,2024-09-09,홈페이지,AGT004,요금문의,20.2,Y,N
CNS00284,CUST0375,2024-11-30,홈페이지,AGT023,요금문의,10.5,Y,N
CNS00285,CUST0473,2024-10-31,앱,AGT028,상품문의,9.4,Y,N
CNS00286,CUST0122,2024-07-08,앱,AGT030,서비스불만,7.1,Y,N
CNS00287,CUST0027,2024-11-15,전화,AGT005,요금문의,7.1,Y,N
CNS00288,CUST0398,2024-01-17,전화,AGT007,서비스불만,6.1,Y,N
CNS00289,CUST0356,2024-06-13,전화,AGT019,서비스불만,6.5,Y,N
CNS00290,CUST0083,2024-08-02,앱,AGT002,결제오류,12.5,Y,N
CNS00291,CUST0094,2024-11-02,앱,AGT014,결제오류,15.1,Y,N
CNS00292,CUST0398,2024-07-25,전화,AGT013,요금문의,8.9,N,N
CNS00293,CUST0173,2024-07-17,앱,AGT012,상품문의,14.6,Y,N
CNS00294,CUST0139,2024-02-01,앱,AGT016,결제오류,7.7,Y,N
CNS00295,CUST0035,2024-03-19,전화,AGT008,결제오류,29.2,Y,N
CNS00296,CUST0357,2024-05-24,앱,AGT022,요금문의,5.6,Y,N
CNS00297,CUST0403,2024-11-19,전화,AGT023,서비스불만,10.0,N,N
CNS00298,CUST0325,2024-07-13,앱,AGT027,요금문의,3.2,Y,N
CNS00299,CUST0219,2024-10-16,앱,AGT029,요금문의,3.4,Y,N
CNS00300,CUST0316,2024-11-27,앱,AGT001,요금문의,14.7,N,N
CNS00301,CUST0090,2024-08-27,전화,AGT009,요금문의,6.4,Y,N
CNS00302,CUST0120,2024-08-25,홈페이지,AGT013,기타,4.4,N,N
CNS00303,CUST0121,2024-10-27,앱,AGT027,서비스불만,17.2,Y,N
CNS00304,CUST0360,2024-02-05,앱,AGT025,상품문의,12.6,Y,N
CNS00305,CUST0157,2024-08-12,홈페이지,AGT003,기타,2.6,Y,N
CNS00306,CUST0424,2024-12-12,앱,AGT005,요금문의,21.6,N,N
CNS00307,CUST0058,2024-01-16,매장,AGT005,요금문의,9.8,Y,Y
CNS00308,CUST0007,2024-10-09,전화,AGT006,요금문의,18.5,Y,N
CNS00309,CUST0212,2024-10-07,매장,AGT024,기타,15.1,Y,N
CNS00310,CUST0467,2024-12-08,홈페이지,AGT017,상품문의,8.4,Y,Y
CNS00311,CUST0040,2024-10-13,매장,AGT008,서비스불만,3.5,Y,N
CNS00312,CUST0053,2024-07-17,전화,AGT009,상품문의,11.5,Y,N
CNS00313,CUST0367,2024-11-02,전화,AGT024,상품문의,5.1,Y,N
CNS00314,CUST0416,2024-07-13,전화,AGT007,요금문의,4.6,Y,N
CNS00315,CUST0143,2024-07-01,전화,AGT002,서비스불만,17.7,Y,N
CNS00316,CUST0188,2024-05-31,앱,AGT028,요금문의,7.9,N,N
CNS00317,CUST0473,2024-07-14,홈페이지,AGT015,요금문의,7.8,Y,N
CNS00318,CUST0022,2024-07-18,매장,AGT028,요금문의,6.5,Y,N
CNS00319,CUST0481,2024-10-22,홈페이지,AGT007,기타,4.9,N,N
CNS00320,CUST0154,2024-04-20,앱,AGT001,결제오류,6.1,Y,N
CNS00321,CUST0325,2024-12-24,앱,AGT022,기타,8.2,N,N
CNS00322,CUST0362,2024-08-02,전화,AGT009,서비스불만,10.3,Y,N
CNS00323,CUST0002,2024-10-14,전화,AGT014,요금문의,4.8,Y,N
CNS00324,CUST0283,2024-04-08,매장,AGT028,요금문의,4.9,Y,N
CNS00325,CUST0350,2024-07-13,전화,AGT017,서비스불만,13.0,Y,N
CNS00326,CUST0009,2024-09-30,전화,AGT021,상품문의,6.2,Y,N
CNS00327,CUST0297,2024-01-18,전화,AGT019,서비스불만,4.1,Y,N
CNS00328,CUST0069,2024-04-05,전화,AGT007,요금문의,5.2,Y,N
CNS00329,CUST0061,2024-10-05,앱,AGT020,결제오류,15.5,Y,N
CNS00330,CUST0473,2024-09-08,앱,AGT016,상품문의,11.5,Y,N
CNS00331,CUST0212,2024-07-24,매장,AGT023,기타,9.7,Y,N
CNS00332,CUST0157,2024-12-25,전화,AGT008,요금문의,20.3,Y,N
CNS00333,CUST0117,2024-08-08,전화,AGT008,요금문의,11.7,Y,N
CNS00334,CUST0087,2024-06-27,앱,AGT011,상품문의,7.4,Y,N
CNS00335,CUST0028,2024-02-16,앱,AGT017,기타,4.6,Y,N
CNS00336,CUST0360,2024-12-02,전화,AGT003,서비스불만,15.6,Y,N
CNS00337,CUST0018,2024-10-23,앱,AGT011,요금문의,11.8,Y,N
CNS00338,CUST0130,2024-05-12,앱,AGT022,기타,4.8,Y,N
CNS00339,CUST0236,2024-11-21,매장,AGT022,요금문의,11.7,Y,N
CNS00340,CUST0143,2024-03-18,전화,AGT010,요금문의,15.4,Y,Y
CNS00341,CUST0122,2024-06-10,전화,AGT013,요금문의,7.8,Y,N
CNS00342,CUST0053,2024-02-13,매장,AGT004,요금문의,11.7,Y,N
CNS00343,CUST0483,2024-12-16,전화,AGT020,요금문의,4.2,Y,N
CNS00344,CUST0144,2024-12-08,전화,AGT029,요금문의,9.2,Y,N
CNS00345,CUST0040,2024-11-13,앱,AGT003,요금문의,4.4,Y,N
CNS00346,CUST0200,2024-09-19,전화,AGT021,요금문의,9.9,Y,N
CNS00347,CUST0226,2024-07-06,앱,AGT013,상품문의,5.9,Y,N
CNS00348,CUST0390,2024-07-24,전화,AGT009,서비스불만,3.8,N,N
CNS00349,CUST0281,2024-06-05,앱,AGT024,서비스불만,4.4,Y,N
CNS00350,CUST0356,2024-10-24,매장,AGT021,결제오류,17.1,Y,N
CNS00351,CUST0127,2024-01-18,앱,AGT010,결제오류,12.1,N,N
CNS00352,CUST0464,2024-01-15,전화,AGT005,상품문의,4.2,Y,N
CNS00353,CUST0325,2024-01-15,전화,AGT025,결제오류,5.9,N,N
CNS00354,CUST0437,2024-09-15,전화,AGT017,상품문의,5.7,Y,N
CNS00355,CUST0303,2024-03-06,홈페이지,AGT011,결제오류,15.1,Y,N
CNS00356,CUST0084,2024-11-18,전화,AGT024,상품문의,3.0,Y,N
CNS00357,CUST0324,2024-04-23,앱,AGT016,결제오류,9.6,Y,N
CNS00358,CUST0195,2024-08-03,매장,AGT002,서비스불만,7.2,N,N
CNS00359,CUST0083,2024-01-05,전화,AGT001,기타,18.0,N,N
CNS00360,CUST0357,2024-04-07,매장,AGT018,상품문의,6.3,Y,N
CNS00361,CUST0145,2024-03-23,전화,AGT019,결제오류,25.0,Y,N
CNS00362,CUST0360,2024-05-06,매장,AGT029,서비스불만,3.9,N,N
CNS00363,CUST0177,2024-01-02,앱,AGT007,요금문의,7.7,Y,N
CNS00364,CUST0189,2024-08-19,매장,AGT005,요금문의,7.6,Y,N
CNS00365,CUST0456,2024-08-21,앱,AGT014,서비스불만,4.3,Y,N
CNS00366,CUST0467,2024-10-23,전화,AGT011,서비스불만,4.0,Y,N
CNS00367,CUST0452,2024-09-08,앱,AGT021,상품문의,12.4,Y,N
CNS00368,CUST0287,2024-04-19,앱,AGT006,요금문의,3.4,Y,N
CNS00369,CUST0297,2024-06-12,전화,AGT020,서비스불만,7.4,Y,N
CNS00370,CUST0294,2024-12-30,전화,AGT025,서비스불만,9.4,Y,N
CNS00371,CUST0411,2024-05-23,앱,AGT030,요금문의,4.9,Y,N
CNS00372,CUST0378,2024-08-05,앱,AGT007,서비스불만,19.6,Y,N
CNS00373,CUST0402,2024-08-01,매장,AGT003,서비스불만,6.0,Y,N
CNS00374,CUST0157,2024-01-15,앱,AGT009,기타,9.9,Y,N
CNS00375,CUST0283,2024-01-13,전화,AGT013,요금문의,6.9,N,N
CNS00376,CUST0332,2024-12-04,매장,AGT009,서비스불만,17.6,Y,N
CNS00377,CUST0490,2024-07-19,앱,AGT023,기타,8.7,Y,N
CNS00378,CUST0157,2024-12-15,전화,AGT002,기타,10.9,Y,N
CNS00379,CUST0283,2024-04-21,앱,AGT004,요금문의,8.0,N,Y
CNS00380,CUST0015,2024-08-03,매장,AGT023,서비스불만,8.6,Y,N
CNS00381,CUST0212,2024-12-05,전화,AGT025,서비스불만,9.6,Y,N
CNS00382,CUST0449,2024-07-27,앱,AGT028,요금문의,7.4,N,N
CNS00383,CUST0075,2024-08-03,앱,AGT028,서비스불만,14.8,Y,N
CNS00384,CUST0193,2024-10-11,앱,AGT028,요금문의,7.7,N,N
CNS00385,CUST0375,2024-12-23,앱,AGT017,요금문의,9.9,N,N
CNS00386,CUST0305,2024-06-20,전화,AGT022,결제오류,9.1,Y,N
CNS00387,CUST0029,2024-03-10,매장,AGT003,서비스불만,4.2,Y,N
CNS00388,CUST0106,2024-11-13,매장,AGT009,서비스불만,12.0,N,N
CNS00389,CUST0283,2024-05-16,전화,AGT006,결제오류,8.6,Y,N
CNS00390,CUST0270,2024-11-01,전화,AGT005,서비스불만,6.8,Y,N
CNS00391,CUST0195,2024-10-10,앱,AGT011,결제오류,9.5,Y,N
CNS00392,CUST0278,2024-08-16,전화,AGT017,서비스불만,5.0,Y,N
CNS00393,CUST0208,2024-05-29,홈페이지,AGT017,요금문의,15.2,Y,N
CNS00394,CUST0273,2024-12-01,홈페이지,AGT017,상품문의,6.0,N,N
CNS00395,CUST0465,2024-11-29,매장,AGT028,서비스불만,3.7,N,N
CNS00396,CUST0130,2024-01-07,매장,AGT030,서비스불만,5.8,Y,N
CNS00397,CUST0441,2024-05-12,매장,AGT024,상품문의,8.9,Y,N
CNS00398,CUST0498,2024-01-27,앱,AGT016,상품문의,3.7,Y,N
CNS00399,CUST0229,2024-12-28,전화,AGT006,요금문의,4.1,Y,N
CNS00400,CUST0205,2024-05-09,앱,AGT009,서비스불만,9.6,N,N
CNS00401,CUST0429,2024-04-20,전화,AGT009,결제오류,4.4,Y,N
CNS00402,CUST0040,2024-08-16,전화,AGT022,기타,9.7,Y,N
CNS00403,CUST0464,2024-11-19,앱,AGT023,상품문의,6.4,Y,N
CNS00404,CUST0391,2024-01-01,전화,AGT006,상품문의,10.9,N,N
CNS00405,CUST0366,2024-03-31,앱,AGT006,요금문의,18.3,Y,N
CNS00406,CUST0464,2024-08-26,전화,AGT015,서비스불만,9.0,Y,N
CNS00407,CUST0325,2024-06-28,전화,AGT026,결제오류,17.6,Y,N
CNS00408,CUST0212,2024-10-17,전화,AGT001,요금문의,14.0,Y,N
CNS00409,CUST0357,2024-10-31,앱,AGT021,서비스불만,15.3,Y,N
CNS00410,CUST0367,2024-03-01,앱,AGT013,기타,39.6,Y,N
CNS00411,CUST0305,2024-12-06,홈페이지,AGT027,결제오류,14.7,Y,N
CNS00412,CUST0491,2024-02-25,앱,AGT017,요금문의,15.0,Y,N
CNS00413,CUST0028,2024-04-16,매장,AGT020,결제오류,8.6,N,N
CNS00414,CUST0242,2024-03-18,앱,AGT005,결제오류,6.1,N,N
CNS00415,CUST0185,2024-05-17,매장,AGT002,상품문의,3.9,Y,N
CNS00416,CUST0162,2024-08-07,전화,AGT026,요금문의,9.1,Y,N
CNS00417,CUST0024,2024-06-18,전화,AGT027,기타,19.9,Y,N
CNS00418,CUST0071,2024-05-15,홈페이지,AGT009,상품문의,16.0,N,N
CNS00419,CUST0398,2024-02-05,전화,AGT022,결제오류,8.4,Y,N
CNS00420,CUST0173,2024-10-01,홈페이지,AGT002,서비스불만,9.1,Y,N
CNS00421,CUST0093,2024-04-28,앱,AGT003,결제오류,15.1,Y,N
CNS00422,CUST0319,2024-11-01,앱,AGT001,서비스불만,4.4,Y,N
CNS00423,CUST0024,2024-10-17,전화,AGT026,요금문의,11.4,Y,N
CNS00424,CUST0352,2024-08-08,전화,AGT002,요금문의,13.0,Y,N
CNS00425,CUST0440,2024-12-07,홈페이지,AGT004,상품문의,18.7,Y,N
CNS00426,CUST0321,2024-07-05,전화,AGT007,결제오류,13.2,Y,N
CNS00427,CUST0119,2024-11-08,전화,AGT027,서비스불만,4.8,Y,N
CNS00428,CUST0458,2024-02-13,앱,AGT006,상품문의,7.6,Y,N
CNS00429,CUST0291,2024-01-13,홈페이지,AGT022,서비스불만,11.9,N,N
CNS00430,CUST0324,2024-11-23,전화,AGT030,요금문의,5.4,Y,N
CNS00431,CUST0362,2024-02-01,전화,AGT019,요금문의,3.5,Y,N
CNS00432,CUST0054,2024-07-05,전화,AGT020,기타,8.6,N,N
CNS00433,CUST0040,2024-01-11,홈페이지,AGT009,요금문의,6.1,Y,N
CNS00434,CUST0140,2024-06-05,앱,AGT022,상품문의,17.0,Y,N
CNS00435,CUST0278,2024-12-14,매장,AGT024,결제오류,16.3,Y,N
CNS00436,CUST0097,2024-07-06,전화,AGT025,결제오류,22.8,N,N
CNS00437,CUST0351,2024-11-30,전화,AGT029,상품문의,7.1,Y,N
CNS00438,CUST0349,2024-07-24,홈페이지,AGT005,서비스불만,6.4,Y,N
CNS00439,CUST0075,2024-07-14,매장,AGT023,결제오류,16.3,Y,N
CNS00440,CUST0412,2024-02-20,전화,AGT026,상품문의,5.2,Y,N
CNS00441,CUST0113,2024-05-30,앱,AGT007,결제오류,8.6,Y,N
CNS00442,CUST0053,2024-03-11,앱,AGT024,서비스불만,14.7,Y,N
CNS00443,CUST0177,2024-01-03,전화,AGT001,서비스불만,19.3,Y,N
CNS00444,CUST0017,2024-08-20,앱,AGT018,요금문의,7.6,Y,N
CNS00445,CUST0130,2024-01-26,전화,AGT024,서비스불만,4.9,Y,N
CNS00446,CUST0117,2024-11-22,앱,AGT027,결제오류,2.7,Y,N
CNS00447,CUST0110,2024-11-12,전화,AGT028,상품문의,6.8,N,N
CNS00448,CUST0159,2024-07-10,매장,AGT022,서비스불만,4.0,Y,N
CNS00449,CUST0192,2024-03-17,전화,AGT023,요금문의,17.6,Y,N
CNS00450,CUST0093,2024-02-04,앱,AGT022,요금문의,9.0,Y,N
CNS00451,CUST0407,2024-06-20,앱,AGT018,서비스불만,6.7,Y,N
CNS00452,CUST0482,2024-09-10,홈페이지,AGT019,상품문의,12.6,Y,N
CNS00453,CUST0011,2024-05-10,전화,AGT008,요금문의,10.2,N,N
CNS00454,CUST0033,2024-01-13,전화,AGT001,서비스불만,10.6,Y,N
CNS00455,CUST0196,2024-06-11,앱,AGT019,요금문의,6.6,Y,N
CNS00456,CUST0177,2024-05-08,전화,AGT008,요금문의,6.8,Y,N
CNS00457,CUST0381,2024-07-04,전화,AGT019,상품문의,14.2,Y,N
CNS00458,CUST0173,2024-01-19,전화,AGT010,기타,3.7,Y,N
CNS00459,CUST0498,2024-12-24,전화,AGT006,요금문의,3.9,N,N
CNS00460,CUST0191,2024-04-24,앱,AGT012,상품문의,6.1,Y,N
CNS00461,CUST0136,2024-11-18,전화,AGT002,상품문의,8.5,Y,N
CNS00462,CUST0294,2024-02-28,전화,AGT026,요금문의,23.3,Y,N
CNS00463,CUST0214,2024-11-23,홈페이지,AGT026,서비스불만,8.8,Y,N
CNS00464,CUST0143,2024-04-12,전화,AGT014,요금문의,5.4,N,N
CNS00465,CUST0091,2024-03-17,홈페이지,AGT022,기타,10.9,Y,N
CNS00466,CUST0461,2024-04-30,전화,AGT014,결제오류,6.2,Y,N
CNS00467,CUST0479,2024-05-18,앱,AGT016,결제오류,11.2,Y,N
CNS00468,CUST0225,2024-07-22,매장,AGT027,서비스불만,5.3,N,N
CNS00469,CUST0387,2024-05-29,전화,AGT003,요금문의,2.8,Y,N
CNS00470,CUST0408,2024-01-07,전화,AGT004,서비스불만,8.7,N,N
CNS00471,CUST0325,2024-10-30,전화,AGT025,요금문의,4.3,Y,N
CNS00472,CUST0144,2024-02-11,앱,AGT025,요금문의,8.3,Y,N
CNS00473,CUST0368,2024-02-27,앱,AGT027,요금문의,10.8,N,N
CNS00474,CUST0474,2024-01-19,홈페이지,AGT012,서비스불만,4.6,Y,N
CNS00475,CUST0335,2024-12-23,앱,AGT024,상품문의,7.0,Y,N
CNS00476,CUST0242,2024-10-10,전화,AGT022,서비스불만,15.9,Y,N
CNS00477,CUST0145,2024-09-16,전화,AGT021,서비스불만,4.6,Y,N
CNS00478,CUST0189,2024-07-07,매장,AGT011,요금문의,5.7,Y,N
CNS00479,CUST0307,2024-11-02,매장,AGT016,서비스불만,5.0,Y,N
CNS00480,CUST0019,2024-04-22,매장,AGT024,요금문의,5.7,Y,N
CNS00481,CUST0177,2024-02-03,앱,AGT016,상품문의,6.5,Y,N
CNS00482,CUST0120,2024-07-08,앱,AGT019,서비스불만,9.2,Y,N
CNS00483,CUST0369,2024-11-16,전화,AGT012,서비스불만,11.1,Y,N
CNS00484,CUST0017,2024-05-17,매장,AGT022,서비스불만,5.3,Y,N
CNS00485,CUST0273,2024-05-09,앱,AGT021,서비스불만,6.5,Y,N
CNS00486,CUST0240,2024-07-08,전화,AGT021,요금문의,7.2,Y,N
CNS00487,CUST0403,2024-05-24,앱,AGT004,요금문의,16.5,Y,N
CNS00488,CUST0001,2024-04-05,앱,AGT023,요금문의,20.2,Y,N
CNS00489,CUST0412,2024-06-16,앱,AGT017,요금문의,5.9,N,N
CNS00490,CUST0426,2024-07-08,전화,AGT018,요금문의,4.6,Y,N
CNS00491,CUST0221,2024-05-18,매장,AGT024,서비스불만,8.2,Y,N
CNS00492,CUST0219,2024-11-28,앱,AGT008,기타,10.8,Y,N
CNS00493,CUST0307,2024-12-18,앱,AGT007,서비스불만,4.3,N,N
CNS00494,CUST0454,2024-01-01,매장,AGT007,요금문의,3.7,Y,N
CNS00495,CUST0152,2024-11-12,매장,AGT001,결제오류,11.9,Y,N
CNS00496,CUST0219,2024-01-07,매장,AGT004,기타,14.4,Y,N
CNS00497,CUST0018,2024-06-12,전화,AGT023,요금문의,7.7,Y,N
CNS00498,CUST0349,2024-01-29,매장,AGT007,요금문의,3.3,Y,N
CNS00499,CUST0080,2024-03-19,전화,AGT013,서비스불만,2.8,Y,N
CNS00500,CUST0442,2024-07-20,앱,AGT029,결제오류,2.9,Y,N
CNS00501,CUST0471,2024-04-25,매장,AGT012,기타,6.6,Y,N
CNS00502,CUST0338,2024-01-14,매장,AGT021,상품문의,18.4,Y,N
CNS00503,CUST0027,2024-03-21,전화,AGT007,요금문의,14.2,Y,N
CNS00504,CUST0126,2024-09-22,앱,AGT026,서비스불만,5.6,Y,N
CNS00505,CUST0345,2024-01-03,전화,AGT027,요금문의,15.3,N,N
CNS00506,CUST0127,2024-09-24,전화,AGT003,요금문의,12.3,Y,N
CNS00507,CUST0283,2024-05-06,매장,AGT026,요금문의,16.8,Y,N
CNS00508,CUST0157,2024-10-17,앱,AGT003,서비스불만,11.2,Y,N
CNS00509,CUST0058,2024-09-27,전화,AGT003,요금문의,3.2,Y,N
CNS00510,CUST0163,2024-04-23,매장,AGT025,기타,7.3,Y,N
CNS00511,CUST0402,2024-02-29,앱,AGT011,상품문의,6.1,Y,N
CNS00512,CUST0482,2024-08-08,매장,AGT023,요금문의,5.2,Y,Y
CNS00513,CUST0156,2024-05-08,전화,AGT030,요금문의,12.6,Y,N
CNS00514,CUST0495,2024-11-28,앱,AGT016,서비스불만,19.6,Y,N
CNS00515,CUST0337,2024-08-28,전화,AGT005,결제오류,7.9,Y,N
CNS00516,CUST0109,2024-06-27,전화,AGT026,상품문의,17.6,Y,N
CNS00517,CUST0425,2024-02-15,홈페이지,AGT023,요금문의,7.9,Y,Y
CNS00518,CUST0243,2024-03-03,앱,AGT005,요금문의,5.2,Y,Y
CNS00519,CUST0049,2024-03-28,앱,AGT016,기타,15.6,Y,N
CNS00520,CUST0002,2024-04-24,매장,AGT021,결제오류,7.2,Y,N
CNS00521,CUST0022,2024-02-04,전화,AGT001,서비스불만,10.1,Y,N
CNS00522,CUST0106,2024-05-15,앱,AGT001,상품문의,6.9,N,N
CNS00523,CUST0387,2024-03-07,홈페이지,AGT018,서비스불만,12.1,N,N
CNS00524,CUST0126,2024-11-16,앱,AGT007,요금문의,6.1,Y,N
CNS00525,CUST0163,2024-03-19,매장,AGT024,상품문의,18.1,Y,N
CNS00526,CUST0398,2024-04-19,전화,AGT024,서비스불만,3.6,Y,N
CNS00527,CUST0027,2024-12-22,홈페이지,AGT003,상품문의,13.9,Y,N
CNS00528,CUST0229,2024-09-21,매장,AGT024,기타,5.7,Y,N
CNS00529,CUST0040,2024-06-15,전화,AGT020,요금문의,17.9,Y,N
CNS00530,CUST0219,2024-09-21,전화,AGT026,요금문의,9.5,Y,N
CNS00531,CUST0145,2024-12-02,앱,AGT021,요금문의,6.3,Y,N
CNS00532,CUST0038,2024-04-23,앱,AGT023,기타,3.9,N,N
CNS00533,CUST0406,2024-09-09,앱,AGT020,결제오류,7.0,Y,N
CNS00534,CUST0381,2024-07-25,홈페이지,AGT020,상품문의,5.9,Y,N
CNS00535,CUST0189,2024-02-17,앱,AGT028,상품문의,4.9,Y,N
CNS00536,CUST0422,2024-11-10,전화,AGT005,요금문의,12.8,Y,N
CNS00537,CUST0214,2024-08-24,전화,AGT020,상품문의,3.7,N,N
CNS00538,CUST0064,2024-04-20,전화,AGT003,결제오류,5.7,Y,N
CNS00539,CUST0426,2024-03-22,앱,AGT022,서비스불만,6.4,Y,N
CNS00540,CUST0008,2024-08-17,홈페이지,AGT026,요금문의,6.7,Y,N
CNS00541,CUST0227,2024-11-07,앱,AGT006,서비스불만,24.6,Y,N
CNS00542,CUST0048,2024-12-02,홈페이지,AGT010,결제오류,5.0,Y,N
CNS00543,CUST0097,2024-11-11,전화,AGT030,결제오류,8.6,Y,N
CNS00544,CUST0429,2024-05-18,앱,AGT019,상품문의,4.9,N,N
CNS00545,CUST0048,2024-01-27,매장,AGT012,요금문의,7.8,Y,N
CNS00546,CUST0367,2024-04-01,앱,AGT025,상품문의,3.4,Y,N
CNS00547,CUST0427,2024-02-08,앱,AGT015,서비스불만,7.6,Y,N
CNS00548,CUST0343,2024-10-06,매장,AGT007,서비스불만,14.2,Y,N
CNS00549,CUST0048,2024-09-28,전화,AGT014,요금문의,11.7,Y,N
CNS00550,CUST0404,2024-01-30,앱,AGT026,요금문의,8.7,N,N
CNS00551,CUST0401,2024-11-02,홈페이지,AGT014,요금문의,15.1,Y,N
CNS00552,CUST0468,2024-02-27,앱,AGT020,요금문의,13.2,Y,N
CNS00553,CUST0211,2024-10-30,전화,AGT009,서비스불만,12.2,Y,N
CNS00554,CUST0248,2024-12-16,전화,AGT007,요금문의,4.1,N,N
CNS00555,CUST0349,2024-01-25,앱,AGT004,결제오류,25.5,Y,N
CNS00556,CUST0112,2024-06-29,전화,AGT013,요금문의,5.6,Y,N
CNS00557,CUST0053,2024-12-21,홈페이지,AGT015,상품문의,6.9,N,N
CNS00558,CUST0088,2024-04-20,전화,AGT013,서비스불만,14.3,Y,N
CNS00559,CUST0283,2024-10-21,앱,AGT004,상품문의,17.3,Y,N
CNS00560,CUST0048,2024-04-07,매장,AGT023,요금문의,7.2,Y,Y
CNS00561,CUST0089,2024-08-15,홈페이지,AGT018,요금문의,8.9,Y,N
CNS00562,CUST0209,2024-07-25,앱,AGT026,상품문의,16.4,Y,N
CNS00563,CUST0426,2024-09-22,홈페이지,AGT001,요금문의,11.4,Y,N
CNS00564,CUST0352,2024-01-22,앱,AGT005,서비스불만,5.5,Y,N
CNS00565,CUST0225,2024-09-20,매장,AGT019,서비스불만,3.3,Y,N
CNS00566,CUST0048,2024-03-09,앱,AGT022,결제오류,5.0,Y,N
CNS00567,CUST0107,2024-12-30,전화,AGT023,요금문의,5.7,Y,N
CNS00568,CUST0451,2024-06-23,전화,AGT008,서비스불만,22.8,Y,N
CNS00569,CUST0459,2024-08-21,전화,AGT002,요금문의,9.7,N,N
CNS00570,CUST0113,2024-03-27,전화,AGT028,요금문의,3.4,Y,N
CNS00571,CUST0076,2024-04-10,전화,AGT016,상품문의,6.0,Y,N
CNS00572,CUST0435,2024-01-27,매장,AGT002,상품문의,5.5,Y,N
CNS00573,CUST0345,2024-08-01,앱,AGT006,결제오류,17.9,Y,N
CNS00574,CUST0024,2024-07-08,앱,AGT024,요금문의,9.7,Y,N
CNS00575,CUST0367,2024-04-09,매장,AGT010,요금문의,12.9,Y,N
CNS00576,CUST0305,2024-06-27,전화,AGT018,서비스불만,6.0,Y,N
CNS00577,CUST0489,2024-10-10,전화,AGT012,결제오류,4.6,Y,N
CNS00578,CUST0034,2024-05-01,앱,AGT010,서비스불만,9.5,Y,N
CNS00579,CUST0064,2024-01-02,전화,AGT026,요금문의,18.9,N,N
CNS00580,CUST0157,2024-08-06,홈페이지,AGT006,상품문의,4.5,Y,N
CNS00581,CUST0224,2024-12-02,전화,AGT028,결제오류,12.6,Y,N
CNS00582,CUST0480,2024-03-30,앱,AGT009,상품문의,9.9,Y,N
CNS00583,CUST0121,2024-06-29,전화,AGT010,요금문의,9.7,Y,N
CNS00584,CUST0018,2024-01-29,전화,AGT016,결제오류,17.8,Y,N
CNS00585,CUST0332,2024-07-12,전화,AGT025,요금문의,20.6,Y,N
CNS00586,CUST0279,2024-05-28,홈페이지,AGT024,서비스불만,8.2,Y,N
CNS00587,CUST0038,2024-09-21,매장,AGT011,요금문의,9.2,Y,N
CNS00588,CUST0325,2024-05-07,홈페이지,AGT018,서비스불만,22.1,Y,N
CNS00589,CUST0191,2024-06-10,전화,AGT021,서비스불만,8.4,Y,N
CNS00590,CUST0442,2024-05-03,전화,AGT009,요금문의,6.7,N,N
CNS00591,CUST0118,2024-11-03,전화,AGT005,서비스불만,14.7,Y,N
CNS00592,CUST0191,2024-12-15,앱,AGT014,상품문의,21.3,Y,N
CNS00593,CUST0424,2024-08-25,홈페이지,AGT007,서비스불만,11.0,Y,N
CNS00594,CUST0030,2024-06-08,전화,AGT002,기타,9.7,Y,N
CNS00595,CUST0120,2024-08-21,앱,AGT007,요금문의,3.2,Y,N
CNS00596,CUST0349,2024-11-30,전화,AGT013,결제오류,9.5,Y,N
CNS00597,CUST0087,2024-01-28,앱,AGT008,결제오류,10.5,Y,N
CNS00598,CUST0420,2024-11-16,전화,AGT007,기타,8.9,Y,N
CNS00599,CUST0332,2024-06-08,전화,AGT006,결제오류,7.5,Y,N
CNS00600,CUST0239,2024-09-22,전화,AGT021,상품문의,2.5,Y,N
CNS00601,CUST0486,2024-03-19,앱,AGT024,결제오류,13.9,Y,N
CNS00602,CUST0011,2024-09-25,매장,AGT017,결제오류,20.2,Y,N
CNS00603,CUST0247,2024-05-31,전화,AGT024,요금문의,9.7,Y,N
CNS00604,CUST0483,2024-08-31,전화,AGT012,상품문의,12.2,Y,N
CNS00605,CUST0208,2024-02-18,앱,AGT007,상품문의,8.1,Y,N
CNS00606,CUST0229,2024-04-28,홈페이지,AGT002,요금문의,3.7,N,N
CNS00607,CUST0095,2024-02-04,매장,AGT007,요금문의,11.2,Y,N
CNS00608,CUST0324,2024-10-05,전화,AGT004,기타,9.6,Y,N
CNS00609,CUST0061,2024-06-15,앱,AGT014,요금문의,4.0,Y,N
CNS00610,CUST0139,2024-02-20,전화,AGT030,기타,10.0,Y,N
CNS00611,CUST0411,2024-09-14,앱,AGT023,요금문의,4.7,N,N
CNS00612,CUST0106,2024-09-09,앱,AGT010,요금문의,5.3,Y,N
CNS00613,CUST0107,2024-01-11,앱,AGT011,서비스불만,9.5,Y,N
CNS00614,CUST0036,2024-10-01,매장,AGT026,상품문의,23.3,Y,Y
CNS00615,CUST0473,2024-10-14,앱,AGT028,서비스불만,15.8,Y,N
CNS00616,CUST0252,2024-09-11,전화,AGT014,요금문의,5.5,Y,N
CNS00617,CUST0180,2024-08-26,전화,AGT003,서비스불만,10.6,N,N
CNS00618,CUST0013,2024-08-30,홈페이지,AGT029,결제오류,9.4,Y,N
CNS00619,CUST0132,2024-07-04,매장,AGT023,서비스불만,13.7,Y,N
CNS00620,CUST0366,2024-12-22,전화,AGT017,요금문의,11.2,Y,N
CNS00621,CUST0383,2024-01-19,앱,AGT024,상품문의,13.2,Y,N
CNS00622,CUST0140,2024-08-15,앱,AGT020,서비스불만,6.4,Y,N
CNS00623,CUST0205,2024-12-04,매장,AGT002,서비스불만,7.8,N,N
CNS00624,CUST0477,2024-03-22,앱,AGT028,기타,3.8,N,N
CNS00625,CUST0444,2024-11-05,앱,AGT020,요금문의,3.5,Y,N
CNS00626,CUST0141,2024-03-22,전화,AGT025,결제오류,10.4,Y,N
CNS00627,CUST0067,2024-07-21,전화,AGT006,상품문의,8.3,Y,N
CNS00628,CUST0366,2024-01-16,홈페이지,AGT027,상품문의,3.9,Y,N
CNS00629,CUST0398,2024-04-24,앱,AGT029,서비스불만,5.0,Y,Y
CNS00630,CUST0282,2024-06-09,매장,AGT013,서비스불만,4.0,Y,N
CNS00631,CUST0015,2024-04-07,홈페이지,AGT027,서비스불만,5.9,Y,N
CNS00632,CUST0366,2024-01-07,매장,AGT017,요금문의,13.5,Y,N
CNS00633,CUST0128,2024-11-02,앱,AGT010,결제오류,10.0,N,N
CNS00634,CUST0229,2024-03-22,전화,AGT012,기타,6.1,Y,N
CNS00635,CUST0248,2024-06-27,앱,AGT002,서비스불만,3.9,Y,N
CNS00636,CUST0248,2024-04-12,매장,AGT023,요금문의,5.1,Y,N
CNS00637,CUST0452,2024-11-30,홈페이지,AGT013,서비스불만,12.8,Y,N
CNS00638,CUST0479,2024-06-15,매장,AGT011,서비스불만,3.7,Y,N
CNS00639,CUST0451,2024-11-28,전화,AGT028,상품문의,4.5,Y,N
CNS00640,CUST0489,2024-08-29,앱,AGT012,결제오류,6.0,Y,N
CNS00641,CUST0087,2024-08-12,앱,AGT005,상품문의,12.8,Y,N
CNS00642,CUST0274,2024-07-15,전화,AGT009,기타,6.8,Y,N
CNS00643,CUST0464,2024-02-08,앱,AGT020,서비스불만,7.5,Y,N
CNS00644,CUST0325,2024-08-25,앱,AGT002,요금문의,13.7,N,N
CNS00645,CUST0435,2024-10-27,매장,AGT001,결제오류,5.6,N,N
CNS00646,CUST0258,2024-09-13,앱,AGT013,서비스불만,7.0,Y,N
CNS00647,CUST0084,2024-12-17,홈페이지,AGT017,서비스불만,6.0,Y,N
CNS00648,CUST0273,2024-01-07,앱,AGT014,요금문의,5.6,N,N
CNS00649,CUST0078,2024-03-27,매장,AGT006,상품문의,4.2,Y,N
CNS00650,CUST0491,2024-12-12,매장,AGT008,결제오류,5.0,Y,N
CNS00651,CUST0317,2024-01-21,전화,AGT026,서비스불만,13.3,N,N
CNS00652,CUST0371,2024-07-12,전화,AGT030,상품문의,14.5,Y,N
CNS00653,CUST0325,2024-04-16,매장,AGT008,상품문의,6.2,Y,N
CNS00654,CUST0183,2024-07-12,앱,AGT003,상품문의,8.6,Y,N
CNS00655,CUST0242,2024-04-09,앱,AGT030,요금문의,4.2,Y,N
CNS00656,CUST0301,2024-01-25,앱,AGT016,요금문의,4.8,Y,N
CNS00657,CUST0433,2024-09-24,전화,AGT017,요금문의,17.3,Y,N
CNS00658,CUST0008,2024-05-18,전화,AGT025,상품문의,2.9,Y,N
CNS00659,CUST0325,2024-05-29,홈페이지,AGT013,상품문의,5.7,Y,Y
CNS00660,CUST0465,2024-07-13,매장,AGT020,결제오류,8.9,Y,N
CNS00661,CUST0343,2024-07-23,전화,AGT027,결제오류,3.2,Y,N
CNS00662,CUST0325,2024-02-23,매장,AGT015,요금문의,6.7,Y,N
CNS00663,CUST0077,2024-04-14,홈페이지,AGT011,상품문의,5.7,Y,N
CNS00664,CUST0498,2024-06-29,앱,AGT021,상품문의,7.8,Y,N
CNS00665,CUST0139,2024-03-09,앱,AGT018,결제오류,11.7,Y,N
CNS00666,CUST0162,2024-02-28,앱,AGT005,서비스불만,11.6,N,N
CNS00667,CUST0296,2024-02-17,앱,AGT009,요금문의,6.9,Y,N
CNS00668,CUST0400,2024-08-01,전화,AGT017,상품문의,12.9,Y,N
CNS00669,CUST0300,2024-11-01,앱,AGT030,결제오류,12.4,Y,N
CNS00670,CUST0081,2024-08-30,홈페이지,AGT009,상품문의,9.9,Y,N
CNS00671,CUST0241,2024-12-16,앱,AGT022,상품문의,6.2,Y,N
CNS00672,CUST0212,2024-03-23,전화,AGT001,결제오류,11.0,N,N
CNS00673,CUST0030,2024-09-03,전화,AGT028,결제오류,8.2,Y,N
CNS00674,CUST0394,2024-10-11,앱,AGT016,서비스불만,4.3,Y,N
CNS00675,CUST0095,2024-01-25,앱,AGT024,서비스불만,7.6,Y,N
CNS00676,CUST0331,2024-10-08,전화,AGT029,서비스불만,11.3,Y,N
CNS00677,CUST0295,2024-08-24,매장,AGT013,서비스불만,6.7,Y,N
CNS00678,CUST0024,2024-03-18,홈페이지,AGT023,상품문의,17.1,Y,N
CNS00679,CUST0406,2024-10-09,홈페이지,AGT012,결제오류,8.6,Y,N
CNS00680,CUST0203,2024-08-01,전화,AGT008,상품문의,9.3,Y,N
CNS00681,CUST0140,2024-10-03,전화,AGT016,상품문의,11.5,Y,N
CNS00682,CUST0288,2024-10-29,앱,AGT005,요금문의,8.2,Y,N
CNS00683,CUST0050,2024-05-04,홈페이지,AGT013,요금문의,5.0,Y,N
CNS00684,CUST0126,2024-06-30,전화,AGT018,서비스불만,6.2,N,N
CNS00685,CUST0423,2024-05-28,앱,AGT017,요금문의,9.5,Y,N
CNS00686,CUST0008,2024-09-13,전화,AGT017,상품문의,10.1,Y,N
CNS00687,CUST0120,2024-09-11,앱,AGT014,기타,11.5,Y,N
CNS00688,CUST0444,2024-08-14,전화,AGT008,요금문의,5.4,Y,N
CNS00689,CUST0378,2024-11-10,전화,AGT013,요금문의,10.9,Y,N
CNS00690,CUST0356,2024-04-19,앱,AGT011,서비스불만,7.5,Y,N
CNS00691,CUST0477,2024-03-27,앱,AGT016,서비스불만,13.1,Y,N
CNS00692,CUST0018,2024-09-13,매장,AGT021,요금문의,19.4,Y,N
CNS00693,CUST0495,2024-09-25,홈페이지,AGT003,요금문의,13.2,Y,N
CNS00694,CUST0325,2024-08-25,앱,AGT004,기타,8.6,Y,N
CNS00695,CUST0335,2024-10-07,전화,AGT024,요금문의,10.1,Y,N
CNS00696,CUST0465,2024-11-15,홈페이지,AGT021,요금문의,14.5,N,N
CNS00697,CUST0206,2024-12-06,전화,AGT008,결제오류,4.2,Y,N
CNS00698,CUST0038,2024-10-06,전화,AGT027,결제오류,3.4,Y,N
CNS00699,CUST0018,2024-12-09,홈페이지,AGT012,기타,15.1,Y,N
CNS00700,CUST0400,2024-07-28,매장,AGT012,서비스불만,4.3,Y,N
CNS00701,CUST0245,2024-10-26,전화,AGT026,기타,16.1,Y,N
CNS00702,CUST0384,2024-01-27,앱,AGT021,기타,5.7,Y,N
CNS00703,CUST0493,2024-05-21,전화,AGT013,서비스불만,10.6,N,N
CNS00704,CUST0050,2024-09-10,앱,AGT010,상품문의,6.1,Y,N
CNS00705,CUST0121,2024-02-28,앱,AGT021,상품문의,11.3,Y,N
CNS00706,CUST0156,2024-12-21,전화,AGT015,서비스불만,6.8,Y,N
CNS00707,CUST0047,2024-03-27,전화,AGT015,상품문의,11.8,Y,N
CNS00708,CUST0009,2024-07-29,전화,AGT001,결제오류,4.9,Y,N
CNS00709,CUST0349,2024-10-22,앱,AGT003,요금문의,12.7,Y,N
CNS00710,CUST0011,2024-01-01,앱,AGT028,서비스불만,3.5,Y,N
CNS00711,CUST0403,2024-03-20,앱,AGT014,결제오류,14.2,Y,N
CNS00712,CUST0039,2024-04-05,전화,AGT027,요금문의,17.3,Y,N
CNS00713,CUST0075,2024-01-29,매장,AGT005,요금문의,25.2,Y,N
CNS00714,CUST0413,2024-06-28,앱,AGT008,요금문의,4.7,Y,N
CNS00715,CUST0465,2024-11-17,홈페이지,AGT023,결제오류,8.2,Y,N
CNS00716,CUST0477,2024-04-09,앱,AGT020,요금문의,18.6,Y,N
CNS00717,CUST0483,2024-07-09,전화,AGT029,요금문의,17.8,Y,N
CNS00718,CUST0464,2024-12-02,전화,AGT024,요금문의,10.3,N,N
CNS00719,CUST0211,2024-05-28,전화,AGT029,요금문의,13.0,Y,N
CNS00720,CUST0333,2024-12-23,매장,AGT011,요금문의,10.1,Y,N
CNS00721,CUST0405,2024-06-21,앱,AGT010,결제오류,10.6,Y,N
CNS00722,CUST0337,2024-03-04,홈페이지,AGT026,요금문의,6.5,Y,N
CNS00723,CUST0077,2024-08-28,매장,AGT018,상품문의,5.4,N,N
CNS00724,CUST0067,2024-12-16,매장,AGT007,결제오류,13.9,Y,N
CNS00725,CUST0023,2024-02-26,전화,AGT027,결제오류,4.9,N,N
CNS00726,CUST0087,2024-04-18,전화,AGT004,상품문의,6.6,Y,N
CNS00727,CUST0144,2024-10-09,홈페이지,AGT005,기타,9.9,Y,Y
CNS00728,CUST0067,2024-10-09,전화,AGT011,상품문의,12.7,Y,N
CNS00729,CUST0172,2024-12-06,전화,AGT025,요금문의,6.2,Y,N
CNS00730,CUST0092,2024-05-07,전화,AGT012,서비스불만,14.5,Y,N
CNS00731,CUST0291,2024-12-02,앱,AGT011,기타,21.6,Y,N
CNS00732,CUST0109,2024-09-06,앱,AGT020,서비스불만,6.6,Y,N
CNS00733,CUST0413,2024-11-14,앱,AGT018,기타,29.8,Y,N
CNS00734,CUST0467,2024-11-23,홈페이지,AGT019,상품문의,12.7,N,N
CNS00735,CUST0232,2024-06-26,매장,AGT029,요금문의,16.2,Y,Y
CNS00736,CUST0038,2024-04-23,앱,AGT009,결제오류,12.2,Y,N
CNS00737,CUST0349,2024-02-26,전화,AGT009,요금문의,20.9,Y,N
CNS00738,CUST0318,2024-07-24,앱,AGT006,서비스불만,3.4,Y,N
CNS00739,CUST0094,2024-10-30,매장,AGT001,서비스불만,4.1,Y,N
CNS00740,CUST0406,2024-04-22,홈페이지,AGT014,상품문의,6.7,Y,N
CNS00741,CUST0093,2024-11-02,앱,AGT023,요금문의,18.0,Y,N
CNS00742,CUST0124,2024-05-10,전화,AGT023,상품문의,5.4,Y,N
CNS00743,CUST0366,2024-02-10,매장,AGT013,결제오류,18.6,Y,N
CNS00744,CUST0278,2024-02-10,전화,AGT027,요금문의,6.8,N,N
CNS00745,CUST0239,2024-07-01,전화,AGT001,결제오류,16.8,Y,N
CNS00746,CUST0429,2024-08-11,전화,AGT022,결제오류,11.0,Y,N
CNS00747,CUST0473,2024-05-30,전화,AGT028,요금문의,10.9,Y,N
CNS00748,CUST0145,2024-01-05,앱,AGT016,요금문의,24.3,Y,N
CNS00749,CUST0362,2024-12-23,매장,AGT029,요금문의,11.5,Y,N
CNS00750,CUST0318,2024-02-12,전화,AGT013,서비스불만,12.2,Y,N
CNS00751,CUST0415,2024-11-11,전화,AGT001,서비스불만,8.8,Y,N
CNS00752,CUST0377,2024-11-16,전화,AGT003,결제오류,8.1,Y,N
CNS00753,CUST0141,2024-02-20,앱,AGT024,결제오류,18.6,N,N
CNS00754,CUST0180,2024-03-02,전화,AGT006,요금문의,17.8,Y,N
CNS00755,CUST0416,2024-02-07,홈페이지,AGT027,결제오류,6.7,N,N
CNS00756,CUST0053,2024-08-18,앱,AGT011,상품문의,12.6,N,N
CNS00757,CUST0152,2024-01-30,전화,AGT021,상품문의,6.3,Y,N
CNS00758,CUST0127,2024-04-06,홈페이지,AGT025,기타,4.6,Y,N
CNS00759,CUST0479,2024-03-30,전화,AGT022,서비스불만,19.4,Y,N
CNS00760,CUST0048,2024-06-01,앱,AGT006,요금문의,8.4,Y,N
CNS00761,CUST0299,2024-04-19,앱,AGT024,서비스불만,34.9,Y,N
CNS00762,CUST0381,2024-06-27,앱,AGT026,결제오류,11.5,Y,N
CNS00763,CUST0208,2024-05-12,앱,AGT029,상품문의,7.7,N,N
CNS00764,CUST0038,2024-02-12,매장,AGT010,요금문의,14.7,N,N
CNS00765,CUST0456,2024-02-12,매장,AGT004,요금문의,5.9,Y,N
CNS00766,CUST0493,2024-03-30,홈페이지,AGT020,요금문의,4.6,Y,N
CNS00767,CUST0049,2024-11-08,전화,AGT020,기타,31.1,Y,N
CNS00768,CUST0481,2024-09-29,홈페이지,AGT001,기타,13.4,Y,N
CNS00769,CUST0103,2024-12-15,앱,AGT010,요금문의,6.6,N,N
CNS00770,CUST0205,2024-03-24,전화,AGT017,요금문의,8.0,Y,N
CNS00771,CUST0403,2024-02-17,전화,AGT011,결제오류,3.6,Y,N
CNS00772,CUST0488,2024-05-17,앱,AGT004,요금문의,18.3,Y,N
CNS00773,CUST0107,2024-11-09,전화,AGT021,상품문의,4.5,Y,N
CNS00774,CUST0473,2024-11-15,전화,AGT020,요금문의,8.0,Y,N
CNS00775,CUST0042,2024-07-02,앱,AGT018,서비스불만,3.3,Y,N
CNS00776,CUST0316,2024-09-07,앱,AGT007,요금문의,14.9,Y,N
CNS00777,CUST0475,2024-05-05,전화,AGT026,요금문의,12.7,Y,N
CNS00778,CUST0270,2024-12-31,앱,AGT008,결제오류,5.3,Y,N
CNS00779,CUST0272,2024-07-07,전화,AGT008,요금문의,6.8,Y,N
CNS00780,CUST0222,2024-10-04,전화,AGT009,요금문의,3.9,Y,N
CNS00781,CUST0260,2024-04-10,전화,AGT002,결제오류,4.4,Y,N
CNS00782,CUST0127,2024-12-07,앱,AGT011,요금문의,5.8,Y,N
CNS00783,CUST0133,2024-06-15,전화,AGT030,서비스불만,6.9,Y,N
CNS00784,CUST0386,2024-02-13,앱,AGT002,서비스불만,7.0,Y,N
CNS00785,CUST0124,2024-11-30,매장,AGT013,기타,9.3,N,N
CNS00786,CUST0101,2024-04-22,홈페이지,AGT015,기타,9.6,Y,N
CNS00787,CUST0281,2024-02-04,앱,AGT029,기타,9.6,N,N
CNS00788,CUST0271,2024-01-16,전화,AGT013,결제오류,6.9,Y,N
CNS00789,CUST0022,2024-03-06,전화,AGT004,상품문의,8.8,Y,N
CNS00790,CUST0360,2024-03-19,전화,AGT023,기타,8.4,Y,N
CNS00791,CUST0061,2024-10-15,매장,AGT024,서비스불만,4.3,Y,N
CNS00792,CUST0387,2024-08-10,앱,AGT012,요금문의,8.8,Y,N
CNS00793,CUST0238,2024-09-21,전화,AGT023,서비스불만,12.0,Y,N
CNS00794,CUST0120,2024-04-03,전화,AGT005,요금문의,11.1,Y,N
CNS00795,CUST0170,2024-11-20,앱,AGT004,서비스불만,24.4,Y,N
CNS00796,CUST0258,2024-07-25,홈페이지,AGT007,서비스불만,15.5,Y,N
CNS00797,CUST0200,2024-03-29,전화,AGT029,서비스불만,5.5,N,N
CNS00798,CUST0319,2024-01-13,매장,AGT029,상품문의,9.6,Y,N
CNS00799,CUST0017,2024-06-05,앱,AGT012,서비스불만,5.3,Y,N
CNS00800,CUST0212,2024-11-26,매장,AGT017,상품문의,9.0,Y,N
CNS00801,CUST0162,2024-12-15,매장,AGT021,서비스불만,11.0,Y,N
CNS00802,CUST0381,2024-02-20,전화,AGT017,결제오류,11.6,Y,N
CNS00803,CUST0319,2024-01-22,전화,AGT027,서비스불만,10.5,Y,N
CNS00804,CUST0054,2024-05-14,홈페이지,AGT012,요금문의,16.6,N,N
CNS00805,CUST0047,2024-06-07,홈페이지,AGT018,요금문의,7.9,Y,N
CNS00806,CUST0299,2024-12-11,전화,AGT024,서비스불만,7.3,Y,N
CNS00807,CUST0476,2024-09-09,매장,AGT024,상품문의,18.8,Y,N
CNS00808,CUST0342,2024-08-15,전화,AGT008,상품문의,4.1,Y,N
CNS00809,CUST0335,2024-09-19,앱,AGT028,서비스불만,13.5,Y,N
CNS00810,CUST0240,2024-05-27,전화,AGT016,결제오류,20.4,Y,N
CNS00811,CUST0107,2024-01-31,전화,AGT026,요금문의,15.8,Y,N
CNS00812,CUST0055,2024-04-18,앱,AGT003,서비스불만,9.1,Y,N
CNS00813,CUST0089,2024-01-23,홈페이지,AGT003,요금문의,18.4,Y,N
CNS00814,CUST0495,2024-03-03,매장,AGT022,결제오류,11.9,N,N
CNS00815,CUST0398,2024-08-08,앱,AGT029,상품문의,5.2,Y,N
CNS00816,CUST0039,2024-12-26,전화,AGT023,서비스불만,8.2,Y,N
CNS00817,CUST0143,2024-03-04,전화,AGT020,요금문의,3.0,N,N
CNS00818,CUST0381,2024-05-26,앱,AGT026,상품문의,6.4,Y,N
CNS00819,CUST0144,2024-07-18,앱,AGT025,기타,3.3,Y,N
CNS00820,CUST0083,2024-10-29,앱,AGT007,결제오류,4.8,Y,N
CNS00821,CUST0471,2024-02-01,전화,AGT021,요금문의,13.2,N,N
CNS00822,CUST0298,2024-12-21,앱,AGT024,요금문의,24.1,Y,N
CNS00823,CUST0011,2024-07-07,전화,AGT002,요금문의,22.6,N,N
CNS00824,CUST0054,2024-04-22,매장,AGT011,서비스불만,3.0,Y,N
CNS00825,CUST0206,2024-07-19,전화,AGT025,기타,11.7,Y,N
CNS00826,CUST0342,2024-11-09,홈페이지,AGT001,기타,11.4,Y,N
CNS00827,CUST0415,2024-02-10,매장,AGT011,결제오류,7.8,N,N
CNS00828,CUST0126,2024-02-02,전화,AGT021,요금문의,5.3,N,N
CNS00829,CUST0420,2024-04-03,매장,AGT011,서비스불만,3.6,Y,N
CNS00830,CUST0091,2024-06-11,앱,AGT010,요금문의,5.6,N,N
CNS00831,CUST0071,2024-03-21,매장,AGT016,기타,7.6,Y,N
CNS00832,CUST0416,2024-06-09,앱,AGT008,상품문의,8.2,Y,N
CNS00833,CUST0126,2024-04-16,전화,AGT027,상품문의,7.7,Y,N
CNS00834,CUST0294,2024-01-25,앱,AGT027,상품문의,8.4,Y,N
CNS00835,CUST0384,2024-04-19,전화,AGT021,요금문의,4.8,Y,N
CNS00836,CUST0103,2024-01-06,매장,AGT026,요금문의,17.3,Y,N
CNS00837,CUST0259,2024-05-25,앱,AGT006,상품문의,9.0,Y,N
CNS00838,CUST0498,2024-08-13,전화,AGT022,요금문의,7.5,Y,Y
CNS00839,CUST0011,2024-12-07,전화,AGT028,요금문의,4.3,Y,N
CNS00840,CUST0103,2024-10-30,전화,AGT002,서비스불만,5.8,Y,N
CNS00841,CUST0467,2024-11-26,전화,AGT011,상품문의,10.1,Y,Y
CNS00842,CUST0344,2024-10-03,전화,AGT030,상품문의,30.5,Y,Y
CNS00843,CUST0352,2024-08-12,전화,AGT028,요금문의,9.6,Y,Y
CNS00844,CUST0197,2024-10-19,전화,AGT016,결제오류,6.2,Y,N
CNS00845,CUST0115,2024-10-04,홈페이지,AGT017,서비스불만,6.2,Y,N
CNS00846,CUST0070,2024-02-18,전화,AGT013,서비스불만,6.3,N,N
CNS00847,CUST0155,2024-06-21,전화,AGT016,요금문의,11.4,N,N
CNS00848,CUST0319,2024-11-27,앱,AGT024,서비스불만,17.4,N,N
CNS00849,CUST0493,2024-05-28,앱,AGT011,서비스불만,8.7,Y,Y
CNS00850,CUST0390,2024-07-18,전화,AGT015,요금문의,13.6,Y,N
CNS00851,CUST0341,2024-09-20,앱,AGT020,상품문의,10.3,Y,N
CNS00852,CUST0018,2024-01-09,전화,AGT001,서비스불만,7.7,N,N
CNS00853,CUST0486,2024-09-21,매장,AGT025,상품문의,8.5,N,N
CNS00854,CUST0387,2024-03-06,홈페이지,AGT023,기타,19.2,Y,N
CNS00855,CUST0221,2024-09-03,홈페이지,AGT027,결제오류,20.0,Y,N
CNS00856,CUST0159,2024-12-27,전화,AGT023,상품문의,5.3,Y,N
CNS00857,CUST0089,2024-03-20,앱,AGT002,기타,3.1,Y,N
CNS00858,CUST0383,2024-09-10,앱,AGT025,요금문의,5.2,Y,N
CNS00859,CUST0054,2024-06-30,전화,AGT030,요금문의,6.7,N,N
CNS00860,CUST0293,2024-11-14,앱,AGT016,상품문의,7.5,Y,N
CNS00861,CUST0229,2024-02-04,앱,AGT012,상품문의,14.4,N,N
CNS00862,CUST0202,2024-07-06,앱,AGT024,요금문의,19.1,Y,N
CNS00863,CUST0095,2024-04-08,홈페이지,AGT005,기타,9.1,Y,N
CNS00864,CUST0316,2024-03-21,전화,AGT027,요금문의,5.4,Y,N
CNS00865,CUST0487,2024-04-09,앱,AGT010,상품문의,14.7,Y,N
CNS00866,CUST0200,2024-07-01,앱,AGT009,상품문의,15.5,Y,N
CNS00867,CUST0415,2024-09-21,앱,AGT020,요금문의,19.1,Y,N
CNS00868,CUST0395,2024-08-07,앱,AGT007,상품문의,7.9,Y,N
CNS00869,CUST0157,2024-01-11,앱,AGT029,상품문의,4.4,N,N
CNS00870,CUST0304,2024-02-15,전화,AGT029,요금문의,14.2,Y,N
CNS00871,CUST0245,2024-05-11,전화,AGT013,요금문의,5.4,Y,N
CNS00872,CUST0456,2024-06-22,앱,AGT010,서비스불만,5.0,N,N
CNS00873,CUST0010,2024-08-06,전화,AGT030,서비스불만,10.1,Y,N
CNS00874,CUST0441,2024-06-28,매장,AGT004,상품문의,4.9,Y,N
CNS00875,CUST0044,2024-07-06,전화,AGT017,요금문의,7.5,Y,N
CNS00876,CUST0192,2024-07-12,홈페이지,AGT024,요금문의,4.4,Y,N
CNS00877,CUST0439,2024-01-21,홈페이지,AGT005,요금문의,13.1,Y,N
CNS00878,CUST0210,2024-04-11,앱,AGT024,요금문의,17.3,Y,N
CNS00879,CUST0270,2024-05-04,홈페이지,AGT018,상품문의,3.4,Y,N
CNS00880,CUST0258,2024-09-17,전화,AGT029,기타,12.9,Y,N
CNS00881,CUST0120,2024-08-31,홈페이지,AGT023,요금문의,8.7,Y,Y
CNS00882,CUST0331,2024-12-11,홈페이지,AGT021,결제오류,14.5,Y,N
CNS00883,CUST0096,2024-10-14,전화,AGT007,요금문의,14.9,Y,N
CNS00884,CUST0189,2024-03-17,매장,AGT001,결제오류,8.7,Y,N
CNS00885,CUST0175,2024-01-21,앱,AGT018,요금문의,6.7,Y,N
CNS00886,CUST0409,2024-08-13,앱,AGT018,요금문의,5.6,Y,N
CNS00887,CUST0440,2024-02-04,매장,AGT014,요금문의,18.3,Y,N
CNS00888,CUST0055,2024-11-15,매장,AGT018,상품문의,11.2,Y,N
CNS00889,CUST0294,2024-01-30,매장,AGT002,서비스불만,9.3,Y,N
CNS00890,CUST0231,2024-08-17,앱,AGT001,요금문의,18.9,Y,N
CNS00891,CUST0152,2024-12-10,전화,AGT011,결제오류,12.7,N,N
CNS00892,CUST0465,2024-07-04,앱,AGT010,서비스불만,12.4,N,N
CNS00893,CUST0303,2024-11-15,전화,AGT004,서비스불만,6.1,Y,N
CNS00894,CUST0281,2024-03-16,전화,AGT030,상품문의,6.5,Y,N
CNS00895,CUST0498,2024-05-24,전화,AGT026,결제오류,8.5,Y,N
CNS00896,CUST0325,2024-05-17,앱,AGT015,요금문의,6.4,Y,N
CNS00897,CUST0475,2024-03-03,전화,AGT017,상품문의,11.3,N,N
CNS00898,CUST0307,2024-01-26,홈페이지,AGT014,서비스불만,11.2,Y,N
CNS00899,CUST0402,2024-11-10,전화,AGT005,서비스불만,24.7,Y,N
CNS00900,CUST0139,2024-10-29,매장,AGT007,결제오류,6.6,Y,N
CNS00901,CUST0132,2024-12-11,홈페이지,AGT004,서비스불만,9.1,Y,N
CNS00902,CUST0109,2024-03-11,앱,AGT012,요금문의,9.7,Y,N
CNS00903,CUST0375,2024-03-09,전화,AGT025,요금문의,16.1,N,N
CNS00904,CUST0270,2024-07-11,전화,AGT014,상품문의,6.2,N,N
CNS00905,CUST0482,2024-07-30,전화,AGT016,요금문의,9.8,Y,N
CNS00906,CUST0126,2024-07-05,앱,AGT012,상품문의,18.0,Y,N
CNS00907,CUST0413,2024-01-12,앱,AGT006,서비스불만,9.5,Y,N
CNS00908,CUST0466,2024-04-26,전화,AGT019,요금문의,15.3,Y,N
CNS00909,CUST0369,2024-09-05,앱,AGT013,요금문의,15.7,Y,N
CNS00910,CUST0056,2024-04-06,홈페이지,AGT010,서비스불만,5.7,Y,N
CNS00911,CUST0035,2024-11-20,매장,AGT029,상품문의,8.0,N,N
CNS00912,CUST0130,2024-07-30,매장,AGT014,기타,23.4,Y,N
CNS00913,CUST0260,2024-05-26,매장,AGT013,서비스불만,16.4,N,N
CNS00914,CUST0325,2024-03-29,전화,AGT016,결제오류,6.5,Y,N
CNS00915,CUST0034,2024-10-19,매장,AGT010,서비스불만,10.9,Y,N
CNS00916,CUST0429,2024-09-26,앱,AGT016,상품문의,7.1,Y,N
CNS00917,CUST0398,2024-05-27,전화,AGT006,서비스불만,4.5,Y,N
CNS00918,CUST0166,2024-07-04,전화,AGT001,서비스불만,8.6,Y,N
CNS00919,CUST0219,2024-04-08,전화,AGT020,상품문의,19.6,Y,N
CNS00920,CUST0465,2024-02-29,전화,AGT021,상품문의,8.5,Y,N
CNS00921,CUST0453,2024-01-29,매장,AGT005,결제오류,6.4,Y,N
CNS00922,CUST0175,2024-05-26,앱,AGT005,서비스불만,9.7,Y,N
CNS00923,CUST0064,2024-08-09,매장,AGT005,요금문의,6.1,Y,N
CNS00924,CUST0427,2024-02-08,전화,AGT022,상품문의,15.7,Y,N
CNS00925,CUST0313,2024-08-01,전화,AGT016,서비스불만,11.4,Y,N
CNS00926,CUST0076,2024-04-24,전화,AGT005,서비스불만,7.7,N,N
CNS00927,CUST0024,2024-11-30,앱,AGT026,서비스불만,16.7,Y,N
CNS00928,CUST0301,2024-09-03,전화,AGT028,상품문의,7.8,N,N
CNS00929,CUST0307,2024-09-30,전화,AGT021,요금문의,7.5,Y,N
CNS00930,CUST0495,2024-05-01,앱,AGT008,서비스불만,2.8,N,N
CNS00931,CUST0258,2024-05-02,앱,AGT030,서비스불만,20.6,Y,N
CNS00932,CUST0325,2024-02-09,홈페이지,AGT003,상품문의,3.8,Y,Y
CNS00933,CUST0304,2024-02-04,앱,AGT023,기타,4.4,N,N
CNS00934,CUST0356,2024-05-02,전화,AGT009,상품문의,5.6,Y,N
CNS00935,CUST0411,2024-07-05,앱,AGT030,서비스불만,5.5,Y,N
CNS00936,CUST0433,2024-08-03,매장,AGT016,결제오류,13.4,Y,N
CNS00937,CUST0344,2024-04-16,앱,AGT014,기타,5.6,N,N
CNS00938,CUST0123,2024-07-28,전화,AGT018,기타,3.1,Y,N
CNS00939,CUST0068,2024-08-03,홈페이지,AGT006,요금문의,8.6,Y,N
CNS00940,CUST0421,2024-05-08,전화,AGT030,요금문의,21.7,Y,N
CNS00941,CUST0297,2024-03-20,전화,AGT017,상품문의,4.7,Y,N
CNS00942,CUST0185,2024-11-12,전화,AGT009,서비스불만,21.1,Y,N
CNS00943,CUST0254,2024-10-30,홈페이지,AGT022,서비스불만,30.1,Y,N
CNS00944,CUST0424,2024-12-07,홈페이지,AGT003,상품문의,13.0,Y,N
CNS00945,CUST0048,2024-04-01,앱,AGT027,요금문의,6.1,N,N
CNS00946,CUST0497,2024-01-30,전화,AGT007,요금문의,8.6,Y,N
CNS00947,CUST0192,2024-04-16,앱,AGT016,상품문의,16.4,N,N
CNS00948,CUST0305,2024-08-08,홈페이지,AGT011,기타,8.5,Y,N
CNS00949,CUST0422,2024-01-13,매장,AGT003,상품문의,10.9,Y,N
CNS00950,CUST0011,2024-02-06,매장,AGT001,요금문의,7.9,Y,N
CNS00951,CUST0022,2024-08-24,앱,AGT013,요금문의,15.2,Y,N
CNS00952,CUST0364,2024-02-16,홈페이지,AGT018,기타,15.0,Y,N
CNS00953,CUST0062,2024-09-23,전화,AGT025,기타,7.6,Y,N
CNS00954,CUST0053,2024-05-09,홈페이지,AGT005,요금문의,18.4,Y,N
CNS00955,CUST0129,2024-07-31,앱,AGT007,요금문의,7.1,Y,N
CNS00956,CUST0369,2024-03-11,매장,AGT030,서비스불만,12.8,N,N
CNS00957,CUST0238,2024-11-12,앱,AGT015,상품문의,31.0,Y,N
CNS00958,CUST0085,2024-11-08,매장,AGT010,결제오류,14.4,Y,N
CNS00959,CUST0473,2024-11-22,앱,AGT017,서비스불만,6.8,Y,N
CNS00960,CUST0313,2024-05-05,전화,AGT012,기타,3.3,Y,N
CNS00961,CUST0223,2024-01-16,앱,AGT020,상품문의,6.4,Y,N
CNS00962,CUST0243,2024-02-24,홈페이지,AGT030,요금문의,15.7,Y,N
CNS00963,CUST0372,2024-05-02,전화,AGT013,서비스불만,2.9,Y,N
CNS00964,CUST0344,2024-06-12,홈페이지,AGT021,서비스불만,18.0,Y,N
CNS00965,CUST0058,2024-01-11,앱,AGT015,요금문의,15.4,Y,N
CNS00966,CUST0360,2024-01-23,전화,AGT008,요금문의,7.6,Y,N
CNS00967,CUST0252,2024-03-15,전화,AGT012,기타,8.3,Y,N
CNS00968,CUST0435,2024-07-21,홈페이지,AGT004,요금문의,9.9,Y,N
CNS00969,CUST0232,2024-03-26,앱,AGT013,서비스불만,2.8,Y,N
CNS00970,CUST0162,2024-06-16,전화,AGT014,서비스불만,5.4,Y,N
CNS00971,CUST0281,2024-05-17,전화,AGT010,상품문의,12.6,Y,N
CNS00972,CUST0202,2024-12-21,앱,AGT009,요금문의,8.1,Y,N
CNS00973,CUST0484,2024-08-17,홈페이지,AGT011,요금문의,5.4,Y,N
CNS00974,CUST0258,2024-03-11,전화,AGT012,서비스불만,9.5,Y,N
CNS00975,CUST0092,2024-11-12,앱,AGT025,서비스불만,9.2,Y,N
CNS00976,CUST0438,2024-02-29,전화,AGT020,서비스불만,5.5,Y,N
CNS00977,CUST0333,2024-11-20,전화,AGT030,상품문의,4.1,Y,N
CNS00978,CUST0475,2024-09-02,매장,AGT005,상품문의,20.6,Y,N
CNS00979,CUST0040,2024-08-15,전화,AGT023,서비스불만,11.6,N,N
CNS00980,CUST0463,2024-03-29,전화,AGT023,상품문의,3.6,Y,N
CNS00981,CUST0408,2024-09-27,전화,AGT005,서비스불만,11.1,Y,N
CNS00982,CUST0199,2024-01-18,매장,AGT002,요금문의,4.4,N,N
CNS00983,CUST0486,2024-02-13,전화,AGT016,결제오류,8.0,Y,N
CNS00984,CUST0080,2024-12-12,앱,AGT029,상품문의,10.4,Y,N
CNS00985,CUST0044,2024-09-04,전화,AGT005,서비스불만,6.4,Y,N
CNS00986,CUST0061,2024-01-31,앱,AGT009,서비스불만,3.0,Y,N
CNS00987,CUST0096,2024-02-20,홈페이지,AGT024,서비스불만,3.4,N,N
CNS00988,CUST0221,2024-11-29,앱,AGT008,상품문의,23.1,Y,N
CNS00989,CUST0362,2024-05-14,매장,AGT005,요금문의,10.6,Y,N
CNS00990,CUST0338,2024-09-29,앱,AGT018,상품문의,19.5,Y,N
CNS00991,CUST0464,2024-08-05,앱,AGT005,상품문의,6.4,Y,N
CNS00992,CUST0316,2024-11-19,전화,AGT005,서비스불만,12.3,Y,N
CNS00993,CUST0077,2024-04-15,매장,AGT019,요금문의,7.2,Y,N
CNS00994,CUST0101,2024-04-29,앱,AGT020,상품문의,10.3,Y,N
CNS00995,CUST0362,2024-09-05,매장,AGT002,결제오류,8.4,Y,N
CNS00996,CUST0202,2024-03-13,홈페이지,AGT007,서비스불만,8.7,Y,N
CNS00997,CUST0189,2024-04-10,매장,AGT015,기타,6.1,Y,N
CNS00998,CUST0351,2024-07-18,전화,AGT021,상품문의,5.2,Y,N
CNS00999,CUST0452,2024-02-05,매장,AGT013,요금문의,15.0,Y,N
CNS01000,CUST0368,2024-05-17,전화,AGT023,서비스불만,8.4,Y,N
CNS01001,CUST0335,2024-10-19,전화,AGT017,서비스불만,21.2,Y,N
CNS01002,CUST0436,2024-02-19,전화,AGT015,서비스불만,10.5,N,N
CNS01003,CUST0357,2024-09-17,전화,AGT008,상품문의,3.9,Y,N
CNS01004,CUST0039,2024-11-22,앱,AGT010,요금문의,8.8,Y,N
CNS01005,CUST0274,2024-03-02,앱,AGT016,결제오류,6.3,Y,N
CNS01006,CUST0253,2024-01-21,매장,AGT009,결제오류,6.0,Y,N
CNS01007,CUST0274,2024-02-24,전화,AGT020,상품문의,13.2,Y,N
CNS01008,CUST0484,2024-09-02,앱,AGT003,서비스불만,24.5,Y,N
CNS01009,CUST0372,2024-05-07,전화,AGT009,기타,12.7,Y,N
CNS01010,CUST0254,2024-03-28,앱,AGT012,결제오류,5.7,Y,N
CNS01011,CUST0416,2024-08-09,매장,AGT030,상품문의,8.3,Y,N
CNS01012,CUST0023,2024-03-03,앱,AGT029,서비스불만,9.5,Y,N
CNS01013,CUST0388,2024-01-24,앱,AGT021,서비스불만,20.6,Y,N
CNS01014,CUST0189,2024-05-13,매장,AGT011,요금문의,7.1,Y,N
CNS01015,CUST0415,2024-12-08,앱,AGT019,요금문의,15.5,Y,N
CNS01016,CUST0034,2024-08-28,앱,AGT022,요금문의,10.8,N,N
CNS01017,CUST0476,2024-09-30,전화,AGT022,기타,10.8,Y,N
CNS01018,CUST0412,2024-06-01,홈페이지,AGT025,결제오류,6.0,Y,N
CNS01019,CUST0446,2024-07-22,앱,AGT006,서비스불만,14.9,Y,N
CNS01020,CUST0338,2024-10-09,매장,AGT012,서비스불만,5.6,N,N
CNS01021,CUST0463,2024-07-27,전화,AGT009,결제오류,11.5,Y,N
CNS01022,CUST0089,2024-07-27,전화,AGT030,요금문의,4.3,Y,N
CNS01023,CUST0207,2024-12-24,전화,AGT012,서비스불만,6.8,Y,N
CNS01024,CUST0242,2024-07-09,홈페이지,AGT014,요금문의,16.8,Y,N
CNS01025,CUST0058,2024-05-22,매장,AGT004,서비스불만,7.6,Y,N
CNS01026,CUST0349,2024-04-06,전화,AGT005,서비스불만,15.2,Y,N
CNS01027,CUST0166,2024-06-06,전화,AGT029,상품문의,6.5,Y,N
CNS01028,CUST0386,2024-09-17,전화,AGT016,요금문의,16.2,Y,N
CNS01029,CUST0123,2024-10-16,매장,AGT028,결제오류,8.7,Y,N
CNS01030,CUST0467,2024-07-28,전화,AGT015,요금문의,7.2,N,N
CNS01031,CUST0325,2024-05-15,전화,AGT005,상품문의,11.0,Y,N
CNS01032,CUST0397,2024-06-26,앱,AGT011,상품문의,6.2,N,N
CNS01033,CUST0318,2024-07-25,매장,AGT027,상품문의,14.0,Y,N
CNS01034,CUST0029,2024-07-14,전화,AGT024,요금문의,12.5,Y,N
CNS01035,CUST0425,2024-05-26,앱,AGT026,상품문의,11.9,Y,N
CNS01036,CUST0238,2024-11-26,앱,AGT029,요금문의,3.8,N,N
CNS01037,CUST0473,2024-06-22,전화,AGT009,서비스불만,13.2,Y,N
CNS01038,CUST0265,2024-02-25,전화,AGT014,상품문의,9.1,Y,N
CNS01039,CUST0473,2024-08-02,전화,AGT015,서비스불만,7.1,Y,N
CNS01040,CUST0196,2024-07-13,전화,AGT014,결제오류,24.5,Y,N
CNS01041,CUST0309,2024-12-06,앱,AGT012,요금문의,6.5,Y,N
CNS01042,CUST0479,2024-05-03,매장,AGT029,서비스불만,8.4,Y,Y
CNS01043,CUST0480,2024-10-05,전화,AGT006,서비스불만,11.0,Y,N
CNS01044,CUST0281,2024-07-31,매장,AGT004,서비스불만,7.6,Y,N
CNS01045,CUST0122,2024-02-12,전화,AGT011,기타,9.3,Y,N
CNS01046,CUST0383,2024-10-31,전화,AGT001,서비스불만,27.3,Y,N
CNS01047,CUST0192,2024-08-22,전화,AGT029,기타,3.2,Y,N
CNS01048,CUST0176,2024-05-24,전화,AGT021,서비스불만,28.1,Y,N
CNS01049,CUST0208,2024-09-27,전화,AGT030,요금문의,7.9,N,N
CNS01050,CUST0011,2024-01-09,전화,AGT026,기타,11.8,Y,N
CNS01051,CUST0180,2024-09-24,홈페이지,AGT018,기타,11.3,Y,N
CNS01052,CUST0428,2024-05-13,앱,AGT002,서비스불만,13.4,Y,N
CNS01053,CUST0196,2024-12-17,전화,AGT010,요금문의,19.6,Y,N
CNS01054,CUST0212,2024-08-23,홈페이지,AGT023,서비스불만,13.5,Y,N
CNS01055,CUST0165,2024-03-20,전화,AGT014,서비스불만,24.2,Y,N
CNS01056,CUST0465,2024-11-02,전화,AGT027,기타,13.2,Y,N
CNS01057,CUST0109,2024-12-11,홈페이지,AGT016,서비스불만,13.1,Y,N
CNS01058,CUST0269,2024-07-14,전화,AGT019,서비스불만,10.2,Y,Y
CNS01059,CUST0444,2024-05-24,전화,AGT023,상품문의,5.6,Y,N
CNS01060,CUST0325,2024-02-01,홈페이지,AGT019,상품문의,4.9,Y,N
CNS01061,CUST0417,2024-09-26,앱,AGT021,요금문의,22.6,Y,N
CNS01062,CUST0055,2024-10-10,홈페이지,AGT017,결제오류,18.4,Y,N
CNS01063,CUST0069,2024-05-30,전화,AGT026,요금문의,4.6,N,N
CNS01064,CUST0253,2024-04-18,홈페이지,AGT013,서비스불만,16.9,Y,N
CNS01065,CUST0480,2024-05-27,전화,AGT001,기타,11.3,Y,N
CNS01066,CUST0018,2024-02-09,앱,AGT019,요금문의,9.0,Y,N
CNS01067,CUST0212,2024-09-04,전화,AGT027,상품문의,13.2,Y,Y
CNS01068,CUST0218,2024-07-31,앱,AGT028,기타,4.9,N,N
CNS01069,CUST0491,2024-12-14,전화,AGT014,서비스불만,9.1,Y,N
CNS01070,CUST0159,2024-04-22,앱,AGT012,상품문의,4.8,Y,N
CNS01071,CUST0458,2024-09-28,앱,AGT005,요금문의,8.3,Y,N
CNS01072,CUST0425,2024-02-01,전화,AGT020,요금문의,8.1,Y,N
CNS01073,CUST0195,2024-12-06,전화,AGT006,요금문의,12.1,Y,N
CNS01074,CUST0497,2024-07-13,매장,AGT005,요금문의,7.7,Y,N
CNS01075,CUST0236,2024-07-12,매장,AGT024,상품문의,10.4,Y,N
CNS01076,CUST0206,2024-08-11,매장,AGT021,서비스불만,6.8,N,N
CNS01077,CUST0357,2024-07-20,매장,AGT007,결제오류,6.5,Y,N
CNS01078,CUST0297,2024-10-21,앱,AGT021,요금문의,22.4,Y,N
CNS01079,CUST0485,2024-03-29,홈페이지,AGT030,요금문의,12.0,Y,N
CNS01080,CUST0465,2024-02-12,전화,AGT003,요금문의,21.0,Y,N
CNS01081,CUST0290,2024-12-05,앱,AGT023,상품문의,7.8,Y,N
CNS01082,CUST0002,2024-04-27,전화,AGT024,서비스불만,4.8,Y,N
CNS01083,CUST0132,2024-06-27,앱,AGT004,요금문의,2.8,N,N
CNS01084,CUST0207,2024-10-03,앱,AGT007,서비스불만,5.1,Y,N
CNS01085,CUST0188,2024-09-14,매장,AGT005,상품문의,24.1,N,N
CNS01086,CUST0472,2024-12-10,앱,AGT010,요금문의,9.7,Y,N
CNS01087,CUST0023,2024-10-19,앱,AGT010,상품문의,5.4,N,N
CNS01088,CUST0459,2024-04-21,매장,AGT029,요금문의,5.3,Y,N
CNS01089,CUST0157,2024-01-23,앱,AGT021,요금문의,9.6,Y,Y
CNS01090,CUST0226,2024-03-28,홈페이지,AGT002,결제오류,29.2,Y,N
CNS01091,CUST0288,2024-05-01,앱,AGT020,요금문의,10.5,N,N
CNS01092,CUST0498,2024-07-30,전화,AGT004,요금문의,4.1,Y,N
CNS01093,CUST0266,2024-08-31,전화,AGT002,요금문의,15.7,Y,N
CNS01094,CUST0402,2024-02-21,전화,AGT004,요금문의,5.9,Y,N
CNS01095,CUST0444,2024-12-25,앱,AGT017,상품문의,6.6,Y,N
CNS01096,CUST0487,2024-07-10,앱,AGT009,결제오류,4.4,Y,N
CNS01097,CUST0114,2024-01-13,앱,AGT014,결제오류,8.6,Y,N
CNS01098,CUST0418,2024-03-02,전화,AGT024,요금문의,4.9,Y,N
CNS01099,CUST0379,2024-05-14,홈페이지,AGT008,상품문의,4.7,Y,N
CNS01100,CUST0384,2024-04-10,전화,AGT027,기타,10.7,Y,N
CNS01101,CUST0420,2024-02-27,전화,AGT023,요금문의,11.2,Y,N
CNS01102,CUST0182,2024-12-30,전화,AGT018,결제오류,7.6,Y,N
CNS01103,CUST0254,2024-11-12,홈페이지,AGT011,서비스불만,10.6,Y,Y
CNS01104,CUST0417,2024-02-13,매장,AGT018,서비스불만,9.4,N,N
CNS01105,CUST0002,2024-08-14,전화,AGT011,기타,13.2,Y,N
CNS01106,CUST0225,2024-09-25,전화,AGT008,상품문의,22.1,Y,N
CNS01107,CUST0035,2024-11-20,홈페이지,AGT005,요금문의,5.3,Y,N
CNS01108,CUST0254,2024-12-08,홈페이지,AGT029,요금문의,9.8,Y,N
CNS01109,CUST0300,2024-05-30,앱,AGT014,서비스불만,10.4,N,Y
CNS01110,CUST0266,2024-03-01,매장,AGT017,서비스불만,4.2,Y,N
CNS01111,CUST0382,2024-09-10,앱,AGT028,서비스불만,13.2,Y,N
CNS01112,CUST0207,2024-05-02,전화,AGT018,서비스불만,4.2,Y,N
CNS01113,CUST0070,2024-12-19,앱,AGT019,요금문의,13.4,Y,N
CNS01114,CUST0283,2024-03-27,앱,AGT002,기타,3.1,Y,N
CNS01115,CUST0465,2024-09-07,홈페이지,AGT015,서비스불만,4.6,Y,N
CNS01116,CUST0365,2024-12-15,매장,AGT030,상품문의,4.9,Y,N
CNS01117,CUST0230,2024-06-09,앱,AGT023,서비스불만,12.1,Y,N
CNS01118,CUST0366,2024-06-17,홈페이지,AGT020,요금문의,4.6,Y,N
CNS01119,CUST0028,2024-11-22,앱,AGT030,상품문의,12.0,Y,N
CNS01120,CUST0195,2024-06-28,전화,AGT020,요금문의,24.0,N,N
CNS01121,CUST0175,2024-07-18,전화,AGT005,서비스불만,3.6,Y,N
CNS01122,CUST0006,2024-03-31,전화,AGT025,서비스불만,9.9,Y,N
CNS01123,CUST0267,2024-01-01,매장,AGT028,결제오류,7.8,Y,N
CNS01124,CUST0258,2024-12-26,전화,AGT021,서비스불만,10.9,Y,N
CNS01125,CUST0126,2024-09-22,앱,AGT009,상품문의,5.9,N,N
CNS01126,CUST0040,2024-07-24,앱,AGT017,요금문의,17.7,Y,N
CNS01127,CUST0486,2024-05-21,홈페이지,AGT006,기타,9.8,Y,N
CNS01128,CUST0306,2024-05-30,홈페이지,AGT003,요금문의,6.4,Y,N
CNS01129,CUST0243,2024-12-05,전화,AGT022,요금문의,8.4,Y,N
CNS01130,CUST0256,2024-11-05,앱,AGT014,서비스불만,5.4,Y,N
CNS01131,CUST0280,2024-08-23,홈페이지,AGT011,결제오류,7.2,N,N
CNS01132,CUST0309,2024-11-18,앱,AGT029,서비스불만,8.4,Y,Y
CNS01133,CUST0208,2024-08-19,전화,AGT004,상품문의,2.5,N,N
CNS01134,CUST0134,2024-09-05,앱,AGT002,상품문의,12.4,Y,N
CNS01135,CUST0403,2024-08-24,전화,AGT004,상품문의,9.2,Y,N
CNS01136,CUST0437,2024-07-29,앱,AGT021,기타,11.3,Y,N
CNS01137,CUST0370,2024-09-30,앱,AGT008,서비스불만,11.4,Y,N
CNS01138,CUST0036,2024-04-16,전화,AGT024,요금문의,4.4,Y,N
CNS01139,CUST0499,2024-01-19,전화,AGT023,결제오류,5.3,Y,N
CNS01140,CUST0175,2024-04-18,홈페이지,AGT009,서비스불만,18.5,Y,N
CNS01141,CUST0420,2024-11-23,전화,AGT004,요금문의,5.6,N,N
CNS01142,CUST0381,2024-03-01,앱,AGT006,요금문의,16.5,Y,N
CNS01143,CUST0354,2024-05-07,매장,AGT004,기타,23.2,Y,N
CNS01144,CUST0212,2024-08-22,앱,AGT029,상품문의,7.7,Y,N
CNS01145,CUST0281,2024-12-07,매장,AGT015,서비스불만,13.2,Y,N
CNS01146,CUST0289,2024-07-19,매장,AGT002,요금문의,9.3,Y,N
CNS01147,CUST0236,2024-07-28,매장,AGT029,기타,12.1,N,N
CNS01148,CUST0357,2024-04-03,홈페이지,AGT026,요금문의,4.7,Y,N
CNS01149,CUST0236,2024-03-12,앱,AGT006,서비스불만,10.0,Y,N
CNS01150,CUST0169,2024-05-05,앱,AGT017,요금문의,8.6,Y,N
CNS01151,CUST0331,2024-06-12,앱,AGT015,결제오류,5.5,N,N
CNS01152,CUST0341,2024-02-14,매장,AGT025,서비스불만,5.7,N,N
CNS01153,CUST0081,2024-04-20,전화,AGT023,요금문의,11.6,Y,N
CNS01154,CUST0097,2024-02-10,앱,AGT012,요금문의,8.9,N,N
CNS01155,CUST0127,2024-07-09,앱,AGT019,요금문의,12.3,N,N
CNS01156,CUST0369,2024-11-06,매장,AGT028,상품문의,7.7,Y,N
CNS01157,CUST0424,2024-03-09,전화,AGT012,서비스불만,7.0,Y,N
CNS01158,CUST0206,2024-01-26,매장,AGT025,요금문의,5.6,N,N
CNS01159,CUST0044,2024-07-13,앱,AGT007,요금문의,14.7,Y,Y
CNS01160,CUST0415,2024-11-15,전화,AGT005,결제오류,7.1,Y,N
CNS01161,CUST0339,2024-05-11,앱,AGT014,결제오류,6.0,Y,N
CNS01162,CUST0383,2024-04-14,전화,AGT011,서비스불만,13.4,Y,N
CNS01163,CUST0498,2024-06-23,홈페이지,AGT013,요금문의,3.1,Y,N
CNS01164,CUST0405,2024-10-24,전화,AGT027,요금문의,6.6,Y,N
CNS01165,CUST0297,2024-02-05,홈페이지,AGT005,요금문의,6.3,Y,N
CNS01166,CUST0325,2024-02-07,전화,AGT024,상품문의,21.4,N,Y
CNS01167,CUST0056,2024-12-29,앱,AGT003,기타,6.3,N,N
CNS01168,CUST0062,2024-11-20,매장,AGT016,요금문의,4.6,N,N
CNS01169,CUST0338,2024-01-14,앱,AGT002,서비스불만,5.6,Y,N
CNS01170,CUST0203,2024-11-07,앱,AGT021,서비스불만,3.2,N,N
CNS01171,CUST0353,2024-10-30,앱,AGT004,결제오류,4.4,Y,N
CNS01172,CUST0480,2024-04-23,홈페이지,AGT021,상품문의,5.7,Y,N
CNS01173,CUST0031,2024-06-07,앱,AGT029,결제오류,4.6,Y,N
CNS01174,CUST0070,2024-08-03,홈페이지,AGT018,결제오류,12.5,Y,N
CNS01175,CUST0470,2024-03-08,앱,AGT008,상품문의,11.6,Y,N
CNS01176,CUST0412,2024-08-02,매장,AGT019,결제오류,7.8,Y,N
CNS01177,CUST0250,2024-06-30,앱,AGT005,서비스불만,11.1,Y,N
CNS01178,CUST0258,2024-08-07,전화,AGT025,요금문의,6.9,Y,N
CNS01179,CUST0134,2024-11-07,홈페이지,AGT012,요금문의,14.4,Y,N
CNS01180,CUST0002,2024-09-23,홈페이지,AGT003,기타,3.7,Y,N
CNS01181,CUST0368,2024-02-06,매장,AGT006,서비스불만,4.3,Y,N
CNS01182,CUST0070,2024-07-20,홈페이지,AGT028,서비스불만,4.8,Y,N
CNS01183,CUST0457,2024-06-19,전화,AGT027,기타,11.8,Y,N
CNS01184,CUST0110,2024-01-06,앱,AGT010,상품문의,12.0,Y,N
CNS01185,CUST0265,2024-07-24,매장,AGT002,서비스불만,6.5,Y,N
CNS01186,CUST0439,2024-04-13,앱,AGT025,상품문의,11.2,Y,N
CNS01187,CUST0083,2024-09-03,앱,AGT003,서비스불만,10.4,Y,N
CNS01188,CUST0274,2024-04-17,전화,AGT030,기타,6.5,Y,N
CNS01189,CUST0121,2024-10-05,전화,AGT029,요금문의,12.1,Y,N
CNS01190,CUST0385,2024-01-05,전화,AGT021,서비스불만,4.3,Y,N
CNS01191,CUST0045,2024-01-03,매장,AGT019,상품문의,3.6,Y,N
CNS01192,CUST0490,2024-02-24,전화,AGT011,상품문의,14.8,Y,N
CNS01193,CUST0202,2024-09-25,앱,AGT008,서비스불만,11.0,Y,N
CNS01194,CUST0336,2024-03-18,앱,AGT008,상품문의,14.9,Y,N
CNS01195,CUST0192,2024-05-26,홈페이지,AGT019,요금문의,6.6,Y,N
CNS01196,CUST0496,2024-01-11,매장,AGT011,결제오류,11.5,Y,N
CNS01197,CUST0379,2024-10-10,앱,AGT027,상품문의,10.2,Y,N
CNS01198,CUST0442,2024-05-26,홈페이지,AGT016,서비스불만,8.9,Y,N
CNS01199,CUST0392,2024-09-14,전화,AGT028,결제오류,6.9,Y,N
CNS01200,CUST0441,2024-04-06,전화,AGT001,상품문의,6.2,Y,N
CNS01201,CUST0157,2024-01-21,매장,AGT003,요금문의,6.6,Y,N
CNS01202,CUST0045,2024-02-22,앱,AGT018,서비스불만,5.0,Y,N
CNS01203,CUST0018,2024-12-04,전화,AGT016,요금문의,8.8,Y,N
CNS01204,CUST0360,2024-01-17,매장,AGT006,상품문의,5.2,Y,N
CNS01205,CUST0053,2024-09-06,전화,AGT006,요금문의,9.2,Y,N
CNS01206,CUST0279,2024-01-26,홈페이지,AGT012,서비스불만,8.1,N,N
CNS01207,CUST0229,2024-07-12,홈페이지,AGT010,서비스불만,12.5,N,N
CNS01208,CUST0002,2024-12-08,전화,AGT004,서비스불만,10.2,N,N
CNS01209,CUST0313,2024-12-31,전화,AGT014,상품문의,8.5,Y,N
CNS01210,CUST0300,2024-02-01,전화,AGT018,기타,10.0,Y,N
CNS01211,CUST0216,2024-03-31,앱,AGT014,요금문의,7.0,Y,N
CNS01212,CUST0338,2024-06-28,앱,AGT019,상품문의,3.4,N,N
CNS01213,CUST0055,2024-02-05,매장,AGT027,요금문의,4.9,Y,N
CNS01214,CUST0398,2024-02-23,전화,AGT023,요금문의,9.0,Y,N
CNS01215,CUST0372,2024-10-18,매장,AGT014,서비스불만,6.2,Y,N
CNS01216,CUST0462,2024-02-10,전화,AGT015,요금문의,7.9,Y,N
CNS01217,CUST0192,2024-01-27,앱,AGT012,요금문의,8.6,Y,N
CNS01218,CUST0383,2024-02-18,매장,AGT013,상품문의,8.0,N,N
CNS01219,CUST0206,2024-08-23,전화,AGT011,상품문의,5.9,Y,N
CNS01220,CUST0011,2024-09-10,전화,AGT012,결제오류,5.7,Y,N
CNS01221,CUST0261,2024-11-16,앱,AGT009,서비스불만,18.6,Y,N
CNS01222,CUST0341,2024-10-06,전화,AGT015,결제오류,18.6,Y,N
CNS01223,CUST0210,2024-05-08,앱,AGT006,요금문의,10.0,Y,N
CNS01224,CUST0165,2024-04-07,매장,AGT021,서비스불만,9.2,Y,N
CNS01225,CUST0091,2024-08-13,홈페이지,AGT016,요금문의,5.2,Y,N
CNS01226,CUST0470,2024-03-17,매장,AGT005,서비스불만,3.1,Y,N
CNS01227,CUST0146,2024-07-05,앱,AGT025,상품문의,5.9,N,N
CNS01228,CUST0164,2024-12-08,전화,AGT024,기타,9.3,Y,N
CNS01229,CUST0002,2024-02-14,앱,AGT024,요금문의,3.6,N,N
CNS01230,CUST0081,2024-06-17,전화,AGT017,상품문의,6.4,Y,N
CNS01231,CUST0053,2024-04-06,매장,AGT017,결제오류,17.4,Y,N
CNS01232,CUST0319,2024-06-03,매장,AGT010,상품문의,18.9,Y,N
CNS01233,CUST0351,2024-06-08,매장,AGT027,서비스불만,13.3,Y,N
CNS01234,CUST0229,2024-08-23,앱,AGT001,상품문의,10.8,Y,N
CNS01235,CUST0498,2024-10-22,전화,AGT016,요금문의,5.2,Y,N
CNS01236,CUST0344,2024-02-16,매장,AGT023,상품문의,6.1,Y,N
CNS01237,CUST0202,2024-10-28,전화,AGT017,기타,9.5,N,N
CNS01238,CUST0479,2024-04-23,앱,AGT017,서비스불만,9.9,Y,N
CNS01239,CUST0356,2024-05-25,전화,AGT010,서비스불만,11.3,Y,N
CNS01240,CUST0106,2024-02-22,전화,AGT009,요금문의,13.4,Y,N
CNS01241,CUST0480,2024-03-09,전화,AGT009,서비스불만,10.3,Y,N
CNS01242,CUST0458,2024-12-30,전화,AGT028,요금문의,2.9,Y,N
CNS01243,CUST0039,2024-05-14,전화,AGT012,요금문의,12.2,Y,N
CNS01244,CUST0402,2024-01-16,전화,AGT007,상품문의,6.2,N,N
CNS01245,CUST0486,2024-03-20,매장,AGT015,서비스불만,7.9,N,N
CNS01246,CUST0079,2024-10-09,앱,AGT003,상품문의,12.1,N,N
CNS01247,CUST0415,2024-01-24,앱,AGT023,기타,7.0,N,N
CNS01248,CUST0197,2024-01-09,전화,AGT012,서비스불만,16.9,Y,N
CNS01249,CUST0396,2024-10-16,전화,AGT001,기타,7.9,Y,N
CNS01250,CUST0030,2024-12-05,앱,AGT028,서비스불만,6.7,Y,N
CNS01251,CUST0468,2024-12-09,홈페이지,AGT013,상품문의,4.3,Y,N
CNS01252,CUST0477,2024-08-13,매장,AGT006,요금문의,6.9,Y,N
CNS01253,CUST0155,2024-10-03,홈페이지,AGT006,상품문의,19.7,Y,N
CNS01254,CUST0137,2024-05-13,전화,AGT030,서비스불만,17.4,Y,N
CNS01255,CUST0070,2024-10-08,앱,AGT014,결제오류,6.4,Y,N
CNS01256,CUST0232,2024-06-13,앱,AGT005,요금문의,14.8,Y,N
CNS01257,CUST0190,2024-10-08,전화,AGT005,서비스불만,10.8,Y,N
CNS01258,CUST0366,2024-09-11,홈페이지,AGT013,서비스불만,5.2,Y,Y
CNS01259,CUST0124,2024-01-12,전화,AGT015,상품문의,4.2,Y,N
CNS01260,CUST0319,2024-06-21,전화,AGT009,요금문의,5.3,Y,N
CNS01261,CUST0441,2024-11-20,홈페이지,AGT023,요금문의,8.4,Y,N
CNS01262,CUST0160,2024-07-22,전화,AGT015,서비스불만,5.9,Y,N
CNS01263,CUST0290,2024-10-14,전화,AGT030,결제오류,6.9,Y,N
CNS01264,CUST0333,2024-03-11,앱,AGT017,기타,9.4,Y,N
CNS01265,CUST0202,2024-09-19,홈페이지,AGT005,상품문의,4.4,Y,N
CNS01266,CUST0325,2024-08-11,전화,AGT030,결제오류,5.7,Y,N
CNS01267,CUST0344,2024-07-05,전화,AGT006,상품문의,13.0,Y,N
CNS01268,CUST0489,2024-09-29,앱,AGT019,요금문의,18.4,Y,N
CNS01269,CUST0361,2024-11-23,전화,AGT004,상품문의,10.9,N,N
CNS01270,CUST0403,2024-10-30,전화,AGT010,결제오류,4.1,Y,N
CNS01271,CUST0161,2024-03-28,매장,AGT007,서비스불만,15.5,Y,N
CNS01272,CUST0290,2024-05-13,전화,AGT019,결제오류,13.4,Y,N
CNS01273,CUST0117,2024-05-15,앱,AGT003,기타,4.6,Y,N
CNS01274,CUST0357,2024-12-05,매장,AGT013,상품문의,9.9,N,N
CNS01275,CUST0290,2024-01-19,앱,AGT006,서비스불만,3.4,Y,N
CNS01276,CUST0088,2024-05-16,전화,AGT027,서비스불만,5.8,Y,N
CNS01277,CUST0429,2024-03-06,전화,AGT006,결제오류,30.8,Y,N
CNS01278,CUST0405,2024-09-12,매장,AGT030,요금문의,3.6,Y,N
CNS01279,CUST0081,2024-01-18,전화,AGT014,상품문의,11.6,Y,N
CNS01280,CUST0018,2024-12-05,홈페이지,AGT030,상품문의,6.3,Y,N
CNS01281,CUST0040,2024-05-03,전화,AGT030,상품문의,4.9,Y,N
CNS01282,CUST0299,2024-05-08,전화,AGT010,서비스불만,5.1,N,N
CNS01283,CUST0232,2024-08-12,전화,AGT005,상품문의,3.0,Y,N
CNS01284,CUST0062,2024-01-29,전화,AGT010,서비스불만,4.3,Y,N
CNS01285,CUST0071,2024-10-11,전화,AGT012,결제오류,11.3,Y,N
CNS01286,CUST0303,2024-09-04,홈페이지,AGT029,기타,15.2,Y,N
CNS01287,CUST0092,2024-05-28,매장,AGT024,서비스불만,10.2,Y,N
CNS01288,CUST0045,2024-11-06,앱,AGT014,결제오류,3.4,Y,N
CNS01289,CUST0224,2024-09-05,앱,AGT024,서비스불만,11.5,N,N
CNS01290,CUST0471,2024-09-09,전화,AGT001,결제오류,8.3,Y,N
CNS01291,CUST0357,2024-04-27,전화,AGT022,요금문의,18.9,Y,N
CNS01292,CUST0036,2024-09-21,전화,AGT001,상품문의,16.4,Y,N
CNS01293,CUST0316,2024-12-28,홈페이지,AGT015,요금문의,13.8,Y,N
CNS01294,CUST0411,2024-11-18,홈페이지,AGT025,요금문의,17.5,Y,N
CNS01295,CUST0364,2024-09-25,앱,AGT004,상품문의,7.7,Y,N
CNS01296,CUST0476,2024-03-11,앱,AGT022,요금문의,6.5,Y,N
CNS01297,CUST0036,2024-10-22,전화,AGT021,요금문의,21.8,Y,N
CNS01298,CUST0159,2024-08-05,매장,AGT021,요금문의,6.7,Y,N
CNS01299,CUST0192,2024-02-01,전화,AGT025,요금문의,5.5,Y,Y
CNS01300,CUST0331,2024-02-05,앱,AGT003,서비스불만,6.1,Y,N
CNS01301,CUST0394,2024-08-02,전화,AGT025,상품문의,9.6,Y,N
CNS01302,CUST0071,2024-04-10,앱,AGT029,요금문의,10.4,Y,N
CNS01303,CUST0402,2024-11-24,전화,AGT002,요금문의,5.2,Y,N
CNS01304,CUST0476,2024-07-28,앱,AGT028,기타,5.0,Y,N
CNS01305,CUST0104,2024-12-05,전화,AGT030,상품문의,22.8,N,N
CNS01306,CUST0439,2024-06-04,전화,AGT006,상품문의,6.5,N,Y
CNS01307,CUST0250,2024-05-03,전화,AGT021,서비스불만,16.2,Y,N
CNS01308,CUST0391,2024-08-31,전화,AGT001,요금문의,14.7,Y,N
CNS01309,CUST0307,2024-10-10,매장,AGT009,요금문의,4.0,N,Y
CNS01310,CUST0429,2024-07-10,앱,AGT001,서비스불만,7.9,Y,N
CNS01311,CUST0145,2024-01-28,전화,AGT030,결제오류,11.9,Y,N
CNS01312,CUST0145,2024-06-26,매장,AGT012,결제오류,13.2,Y,N
CNS01313,CUST0300,2024-09-09,전화,AGT019,결제오류,10.3,Y,N
CNS01314,CUST0117,2024-02-06,앱,AGT012,요금문의,11.8,Y,N
CNS01315,CUST0417,2024-01-07,앱,AGT012,결제오류,15.7,Y,N
CNS01316,CUST0393,2024-02-03,앱,AGT004,상품문의,11.2,Y,N
CNS01317,CUST0276,2024-09-08,홈페이지,AGT003,서비스불만,6.7,Y,N
CNS01318,CUST0492,2024-02-12,전화,AGT014,요금문의,9.8,Y,N
CNS01319,CUST0356,2024-09-11,전화,AGT013,결제오류,4.5,N,N
CNS01320,CUST0092,2024-06-03,매장,AGT014,요금문의,14.2,N,N
